{
"type": "FeatureCollection",
"name": "towns",
"xy_coordinate_resolution": 1e-05,
"features": [
{ "type": "Feature", "properties": { "town_name": "North Brookfield", "fill_color": "transparent" }, "geometry": { "type": "MultiPolygon", "coordinates": [ [ [ [ -72.13481, 42.28115 ], [ -72.11735, 42.27882 ], [ -72.12504, 42.26347 ], [ -72.11329, 42.25243 ], [ -72.1173, 42.24295 ], [ -72.09924, 42.23076 ], [ -72.07014, 42.23127 ], [ -72.04551, 42.22997 ], [ -72.03856, 42.24446 ], [ -72.03036, 42.2452 ], [ -72.04117, 42.3087 ], [ -72.11746, 42.30224 ], [ -72.12957, 42.29025 ], [ -72.13481, 42.28115 ] ] ] ] } },
{ "type": "Feature", "properties": { "town_name": "Chicopee", "fill_color": "transparent" }, "geometry": { "type": "MultiPolygon", "coordinates": [ [ [ [ -72.62852, 42.17151 ], [ -72.62704, 42.15133 ], [ -72.6185, 42.14383 ], [ -72.61526, 42.13572 ], [ -72.62148, 42.12379 ], [ -72.54081, 42.15755 ], [ -72.54032, 42.15535 ], [ -72.53722, 42.15531 ], [ -72.5358, 42.15748 ], [ -72.52874, 42.1583 ], [ -72.5215, 42.16122 ], [ -72.51598, 42.16082 ], [ -72.51874, 42.17389 ], [ -72.51391, 42.17443 ], [ -72.52429, 42.21873 ], [ -72.59345, 42.21156 ], [ -72.59031, 42.20368 ], [ -72.59753, 42.19719 ], [ -72.60986, 42.18979 ], [ -72.62374, 42.18455 ], [ -72.62852, 42.17151 ] ] ] ] } },
{ "type": "Feature", "properties": { "town_name": "Webster", "fill_color": "transparent" }, "geometry": { "type": "MultiPolygon", "coordinates": [ [ [ [ -71.88931, 42.03557 ], [ -71.88395, 42.02431 ], [ -71.80457, 42.0236 ], [ -71.83006, 42.09278 ], [ -71.88151, 42.07589 ], [ -71.87912, 42.06508 ], [ -71.88213, 42.06184 ], [ -71.88233, 42.05877 ], [ -71.88025, 42.05815 ], [ -71.88074, 42.0524 ], [ -71.88717, 42.05081 ], [ -71.88751, 42.04185 ], [ -71.88931, 42.03557 ] ] ] ] } },
{ "type": "Feature", "properties": { "town_name": "Stockbridge", "fill_color": "#AB47BC" }, "geometry": { "type": "MultiPolygon", "coordinates": [ [ [ [ -73.36593, 42.25914 ], [ -73.28919, 42.25751 ], [ -73.28814, 42.35234 ], [ -73.30164, 42.35222 ], [ -73.34099, 42.35188 ], [ -73.35051, 42.33941 ], [ -73.3523, 42.32011 ], [ -73.36473, 42.31903 ], [ -73.36593, 42.25914 ] ] ] ] } },
{ "type": "Feature", "properties": { "town_name": "Cheshire", "fill_color": "transparent" }, "geometry": { "type": "MultiPolygon", "coordinates": [ [ [ [ -73.21211, 42.5424 ], [ -73.18749, 42.53862 ], [ -73.20089, 42.51864 ], [ -73.18843, 42.51662 ], [ -73.18957, 42.51479 ], [ -73.16581, 42.51093 ], [ -73.14664, 42.54107 ], [ -73.10787, 42.53646 ], [ -73.10378, 42.55081 ], [ -73.08856, 42.54841 ], [ -73.08542, 42.5595 ], [ -73.09514, 42.56158 ], [ -73.08049, 42.57362 ], [ -73.08432, 42.59476 ], [ -73.17428, 42.59851 ], [ -73.20438, 42.60607 ], [ -73.19968, 42.59003 ], [ -73.20185, 42.57919 ], [ -73.2106, 42.56568 ], [ -73.2045, 42.56469 ], [ -73.20936, 42.55713 ], [ -73.2035, 42.55608 ], [ -73.21211, 42.5424 ] ] ] ] } },
{ "type": "Feature", "properties": { "town_name": "New Ashford", "fill_color": "#009688" }, "geometry": { "type": "MultiPolygon", "coordinates": [ [ [ [ -73.27356, 42.59085 ], [ -73.20185, 42.57919 ], [ -73.19968, 42.59003 ], [ -73.20438, 42.60607 ], [ -73.17428, 42.59851 ], [ -73.17154, 42.62871 ], [ -73.26199, 42.63133 ], [ -73.27356, 42.59085 ] ] ] ] } },
{ "type": "Feature", "properties": { "town_name": "East Brookfield", "fill_color": "transparent" }, "geometry": { "type": "MultiPolygon", "coordinates": [ [ [ [ -72.07881, 42.21461 ], [ -72.0605, 42.203 ], [ -72.07045, 42.1841 ], [ -72.07001, 42.18246 ], [ -72.0742, 42.17663 ], [ -72.07171, 42.17121 ], [ -72.07245, 42.16928 ], [ -72.0186, 42.1757 ], [ -72.03036, 42.2452 ], [ -72.03856, 42.24446 ], [ -72.04551, 42.22997 ], [ -72.07283, 42.23209 ], [ -72.07428, 42.22712 ], [ -72.07329, 42.22229 ], [ -72.07881, 42.21461 ] ] ] ] } },
{ "type": "Feature", "properties": { "town_name": "East Longmeadow", "fill_color": "#AB47BC" }, "geometry": { "type": "MultiPolygon", "coordinates": [ [ [ [ -72.53955, 42.08121 ], [ -72.53149, 42.03399 ], [ -72.52462, 42.03428 ], [ -72.45829, 42.03432 ], [ -72.47109, 42.08972 ], [ -72.53955, 42.08121 ] ] ] ] } },
{ "type": "Feature", "properties": { "town_name": "Warren", "fill_color": "transparent" }, "geometry": { "type": "MultiPolygon", "coordinates": [ [ [ [ -72.2644, 42.19353 ], [ -72.26392, 42.18383 ], [ -72.20063, 42.16129 ], [ -72.19935, 42.15371 ], [ -72.14189, 42.161 ], [ -72.1539, 42.20718 ], [ -72.17297, 42.23493 ], [ -72.1773, 42.23716 ], [ -72.17957, 42.24625 ], [ -72.18113, 42.24607 ], [ -72.18251, 42.25139 ], [ -72.21108, 42.25126 ], [ -72.21046, 42.24721 ], [ -72.21458, 42.24757 ], [ -72.21482, 42.24904 ], [ -72.21807, 42.24861 ], [ -72.26279, 42.20253 ], [ -72.2644, 42.19353 ] ] ] ] } },
{ "type": "Feature", "properties": { "town_name": "Lee", "fill_color": "transparent" }, "geometry": { "type": "MultiPolygon", "coordinates": [ [ [ [ -73.28919, 42.25751 ], [ -73.24399, 42.25706 ], [ -73.22615, 42.27858 ], [ -73.16088, 42.2866 ], [ -73.16067, 42.2907 ], [ -73.15994, 42.30421 ], [ -73.18052, 42.32455 ], [ -73.19203, 42.31851 ], [ -73.23969, 42.36807 ], [ -73.23999, 42.36277 ], [ -73.23849, 42.36247 ], [ -73.24067, 42.35765 ], [ -73.23993, 42.35377 ], [ -73.23717, 42.3541 ], [ -73.24355, 42.34961 ], [ -73.24568, 42.34501 ], [ -73.2436, 42.32699 ], [ -73.27817, 42.32735 ], [ -73.27814, 42.32515 ], [ -73.28133, 42.32509 ], [ -73.28073, 42.32354 ], [ -73.28828, 42.32354 ], [ -73.28919, 42.25751 ] ] ] ] } },
{ "type": "Feature", "properties": { "town_name": "Grafton", "fill_color": "#009688" }, "geometry": { "type": "MultiPolygon", "coordinates": [ [ [ [ -71.73343, 42.23797 ], [ -71.71861, 42.17297 ], [ -71.6952, 42.17579 ], [ -71.69142, 42.16311 ], [ -71.67901, 42.16579 ], [ -71.64217, 42.16566 ], [ -71.6463, 42.17287 ], [ -71.64271, 42.17412 ], [ -71.64922, 42.1817 ], [ -71.63728, 42.18324 ], [ -71.6484, 42.24515 ], [ -71.65017, 42.2478 ], [ -71.67093, 42.2447 ], [ -71.67417, 42.24859 ], [ -71.67446, 42.25236 ], [ -71.70466, 42.24836 ], [ -71.7114, 42.24514 ], [ -71.71799, 42.24506 ], [ -71.73124, 42.24129 ], [ -71.73343, 42.23797 ] ] ] ] } },
{ "type": "Feature", "properties": { "town_name": "Blandford", "fill_color": "transparent" }, "geometry": { "type": "MultiPolygon", "coordinates": [ [ [ [ -73.03492, 42.14365 ], [ -72.89566, 42.12392 ], [ -72.87218, 42.21644 ], [ -72.9123, 42.23913 ], [ -73.00429, 42.25135 ], [ -73.03492, 42.14365 ] ] ] ] } },
{ "type": "Feature", "properties": { "town_name": "Brimfield", "fill_color": "#009688" }, "geometry": { "type": "MultiPolygon", "coordinates": [ [ [ [ -72.27446, 42.14375 ], [ -72.27009, 42.09252 ], [ -72.13511, 42.09067 ], [ -72.13501, 42.16178 ], [ -72.19935, 42.15371 ], [ -72.20063, 42.16129 ], [ -72.26392, 42.18383 ], [ -72.26237, 42.17565 ], [ -72.26347, 42.17329 ], [ -72.26207, 42.16985 ], [ -72.26711, 42.16597 ], [ -72.26823, 42.16271 ], [ -72.26682, 42.16052 ], [ -72.26838, 42.15829 ], [ -72.26527, 42.15462 ], [ -72.27113, 42.14329 ], [ -72.27446, 42.14375 ] ] ] ] } },
{ "type": "Feature", "properties": { "town_name": "Provincetown", "fill_color": "transparent" }, "geometry": { "type": "MultiPolygon", "coordinates": [ [ [ [ -70.24354, 42.06057 ], [ -70.23887, 42.06048 ], [ -70.22862, 42.05393 ], [ -70.2187, 42.04585 ], [ -70.20874, 42.03075 ], [ -70.19631, 42.02198 ], [ -70.18671, 42.0199 ], [ -70.1796, 42.02186 ], [ -70.17101, 42.02804 ], [ -70.16688, 42.03457 ], [ -70.17376, 42.02736 ], [ -70.19234, 42.02316 ], [ -70.20589, 42.03269 ], [ -70.19497, 42.0364 ], [ -70.18682, 42.05045 ], [ -70.17674, 42.05708 ], [ -70.15541, 42.06241 ], [ -70.14744, 42.06046 ], [ -70.14655, 42.06524 ], [ -70.15426, 42.07716 ], [ -70.18931, 42.08234 ], [ -70.2069, 42.0819 ], [ -70.22563, 42.0786 ], [ -70.23809, 42.07288 ], [ -70.24538, 42.06373 ], [ -70.24354, 42.06057 ] ] ] ] } },
{ "type": "Feature", "properties": { "town_name": "Wilbraham", "fill_color": "transparent" }, "geometry": { "type": "MultiPolygon", "coordinates": [ [ [ [ -72.48434, 42.15534 ], [ -72.46994, 42.08476 ], [ -72.41817, 42.09049 ], [ -72.41454, 42.09922 ], [ -72.37944, 42.10313 ], [ -72.39525, 42.18482 ], [ -72.41238, 42.17524 ], [ -72.41031, 42.17421 ], [ -72.412, 42.16691 ], [ -72.40953, 42.1538 ], [ -72.4135, 42.15305 ], [ -72.41964, 42.15707 ], [ -72.43259, 42.15552 ], [ -72.44067, 42.15598 ], [ -72.44934, 42.15335 ], [ -72.45326, 42.15501 ], [ -72.46881, 42.15272 ], [ -72.48434, 42.15534 ] ] ] ] } },
{ "type": "Feature", "properties": { "town_name": "Hawley", "fill_color": "transparent" }, "geometry": { "type": "MultiPolygon", "coordinates": [ [ [ [ -72.97541, 42.55604 ], [ -72.87685, 42.5412 ], [ -72.87703, 42.55542 ], [ -72.84845, 42.55907 ], [ -72.83342, 42.61118 ], [ -72.92966, 42.62371 ], [ -72.9546, 42.62865 ], [ -72.97541, 42.55604 ] ] ] ] } },
{ "type": "Feature", "properties": { "town_name": "Holbrook", "fill_color": "transparent" }, "geometry": { "type": "MultiPolygon", "coordinates": [ [ [ [ -71.03509, 42.13563 ], [ -71.02721, 42.13294 ], [ -71.02695, 42.12373 ], [ -71.02186, 42.11874 ], [ -70.98127, 42.13551 ], [ -70.97648, 42.16832 ], [ -71.02199, 42.169 ], [ -71.03509, 42.13563 ] ] ] ] } },
{ "type": "Feature", "properties": { "town_name": "Williamsburg", "fill_color": "#AB47BC" }, "geometry": { "type": "MultiPolygon", "coordinates": [ [ [ [ -72.77714, 42.35824 ], [ -72.67213, 42.37135 ], [ -72.66914, 42.40971 ], [ -72.70439, 42.40555 ], [ -72.70088, 42.45292 ], [ -72.7703, 42.4447 ], [ -72.77714, 42.35824 ] ] ] ] } },
{ "type": "Feature", "properties": { "town_name": "North Attleborough Town", "fill_color": "#AB47BC" }, "geometry": { "type": "MultiPolygon", "coordinates": [ [ [ [ -71.3817, 41.91482 ], [ -71.33272, 41.94303 ], [ -71.26874, 41.9873 ], [ -71.28827, 42.01446 ], [ -71.36434, 41.98529 ], [ -71.38147, 41.98508 ], [ -71.3817, 41.91482 ] ] ] ] } },
{ "type": "Feature", "properties": { "town_name": "Truro", "fill_color": "transparent" }, "geometry": { "type": "MultiPolygon", "coordinates": [ [ [ [ -70.15426, 42.07716 ], [ -70.1471, 42.0643 ], [ -70.14744, 42.06046 ], [ -70.12304, 42.05167 ], [ -70.10806, 42.0436 ], [ -70.09136, 42.02725 ], [ -70.08378, 42.01204 ], [ -70.07742, 41.9855 ], [ -70.07729, 41.95784 ], [ -69.99713, 41.96676 ], [ -70.0119, 41.98972 ], [ -70.03667, 42.0206 ], [ -70.05911, 42.04071 ], [ -70.08262, 42.05466 ], [ -70.11597, 42.06764 ], [ -70.15426, 42.07716 ] ] ] ] } },
{ "type": "Feature", "properties": { "town_name": "Randolph Town", "fill_color": "transparent" }, "geometry": { "type": "MultiPolygon", "coordinates": [ [ [ [ -71.10296, 42.20071 ], [ -71.04007, 42.13717 ], [ -71.03509, 42.13563 ], [ -71.02081, 42.17509 ], [ -71.01928, 42.18692 ], [ -71.02959, 42.19153 ], [ -71.04727, 42.19459 ], [ -71.04949, 42.20667 ], [ -71.07389, 42.20418 ], [ -71.08735, 42.20395 ], [ -71.08831, 42.20236 ], [ -71.10296, 42.20071 ] ] ] ] } },
{ "type": "Feature", "properties": { "town_name": "Groveland", "fill_color": "#AB47BC" }, "geometry": { "type": "MultiPolygon", "coordinates": [ [ [ [ -71.05888, 42.73246 ], [ -71.03162, 42.71804 ], [ -71.03464, 42.73235 ], [ -71.027, 42.73134 ], [ -71.01158, 42.73414 ], [ -70.97946, 42.74866 ], [ -70.95969, 42.75383 ], [ -71.01693, 42.78232 ], [ -71.02038, 42.7843 ], [ -71.02461, 42.77523 ], [ -71.03796, 42.75894 ], [ -71.04182, 42.7572 ], [ -71.04182, 42.75458 ], [ -71.0441, 42.75321 ], [ -71.04452, 42.74903 ], [ -71.05888, 42.73246 ] ] ] ] } },
{ "type": "Feature", "properties": { "town_name": "Merrimac", "fill_color": "#AB47BC" }, "geometry": { "type": "MultiPolygon", "coordinates": [ [ [ [ -71.05359, 42.83311 ], [ -70.99961, 42.81055 ], [ -71.00074, 42.81819 ], [ -70.99506, 42.82186 ], [ -70.97872, 42.82459 ], [ -70.96918, 42.8225 ], [ -70.97979, 42.84486 ], [ -71.00464, 42.86315 ], [ -71.0312, 42.85909 ], [ -71.0444, 42.84879 ], [ -71.05359, 42.83311 ] ] ] ] } },
{ "type": "Feature", "properties": { "town_name": "Wenham", "fill_color": "#009688" }, "geometry": { "type": "MultiPolygon", "coordinates": [ [ [ [ -70.93386, 42.59958 ], [ -70.9275, 42.59223 ], [ -70.83541, 42.59068 ], [ -70.82413, 42.58057 ], [ -70.81994, 42.57824 ], [ -70.8133, 42.58014 ], [ -70.81009, 42.58422 ], [ -70.81454, 42.59342 ], [ -70.91893, 42.62277 ], [ -70.91871, 42.62378 ], [ -70.92429, 42.62378 ], [ -70.93081, 42.6128 ], [ -70.92945, 42.60898 ], [ -70.93386, 42.59958 ] ] ] ] } },
{ "type": "Feature", "properties": { "town_name": "Foxborough", "fill_color": "#AB47BC" }, "geometry": { "type": "MultiPolygon", "coordinates": [ [ [ [ -71.28944, 42.0591 ], [ -71.28827, 42.01446 ], [ -71.23543, 42.03511 ], [ -71.17846, 42.05736 ], [ -71.19586, 42.08182 ], [ -71.20592, 42.07411 ], [ -71.23888, 42.10421 ], [ -71.2388, 42.1064 ], [ -71.2533, 42.10534 ], [ -71.27174, 42.09844 ], [ -71.28505, 42.08245 ], [ -71.28756, 42.07389 ], [ -71.2871, 42.06371 ], [ -71.28944, 42.0591 ] ] ] ] } },
{ "type": "Feature", "properties": { "town_name": "Lakeville", "fill_color": "#AB47BC" }, "geometry": { "type": "MultiPolygon", "coordinates": [ [ [ [ -71.03657, 41.81653 ], [ -71.01459, 41.79957 ], [ -71.02629, 41.77889 ], [ -70.8964, 41.79432 ], [ -70.89862, 41.81509 ], [ -70.89397, 41.82888 ], [ -70.91873, 41.85206 ], [ -70.91626, 41.85993 ], [ -70.91454, 41.85959 ], [ -70.91432, 41.862 ], [ -70.91674, 41.86736 ], [ -70.91318, 41.86994 ], [ -70.91633, 41.87257 ], [ -70.91643, 41.8769 ], [ -70.96334, 41.89639 ], [ -70.96713, 41.90125 ], [ -70.97666, 41.90138 ], [ -70.98516, 41.90745 ], [ -70.98726, 41.90581 ], [ -70.97372, 41.86088 ], [ -71.00745, 41.83848 ], [ -71.03657, 41.81653 ] ] ] ] } },
{ "type": "Feature", "properties": { "town_name": "Plympton", "fill_color": "transparent" }, "geometry": { "type": "MultiPolygon", "coordinates": [ [ [ [ -70.86307, 41.9568 ], [ -70.82983, 41.9277 ], [ -70.77172, 41.94615 ], [ -70.75869, 41.94751 ], [ -70.76569, 41.96707 ], [ -70.78748, 41.97836 ], [ -70.79933, 42.01361 ], [ -70.80725, 42.01288 ], [ -70.80687, 42.01057 ], [ -70.8187, 41.99672 ], [ -70.82288, 41.9845 ], [ -70.86307, 41.9568 ] ] ] ] } },
{ "type": "Feature", "properties": { "town_name": "Wrentham", "fill_color": "#AB47BC" }, "geometry": { "type": "MultiPolygon", "coordinates": [ [ [ [ -71.4581, 42.01776 ], [ -71.3814, 42.0188 ], [ -71.28908, 42.04504 ], [ -71.28944, 42.0591 ], [ -71.2871, 42.06371 ], [ -71.2877, 42.07693 ], [ -71.28508, 42.08239 ], [ -71.3158, 42.09012 ], [ -71.35927, 42.08952 ], [ -71.3653, 42.07622 ], [ -71.38827, 42.041 ], [ -71.4559, 42.03489 ], [ -71.4581, 42.01776 ] ] ] ] } },
{ "type": "Feature", "properties": { "town_name": "Adams", "fill_color": "transparent" }, "geometry": { "type": "MultiPolygon", "coordinates": [ [ [ [ -73.17428, 42.59851 ], [ -73.06752, 42.59404 ], [ -73.06328, 42.6547 ], [ -73.16976, 42.66017 ], [ -73.17428, 42.59851 ] ] ] ] } },
{ "type": "Feature", "properties": { "town_name": "Alford", "fill_color": "transparent" }, "geometry": { "type": "MultiPolygon", "coordinates": [ [ [ [ -73.45994, 42.21753 ], [ -73.41409, 42.21272 ], [ -73.41436, 42.22523 ], [ -73.39624, 42.22504 ], [ -73.40245, 42.25854 ], [ -73.40001, 42.27251 ], [ -73.4155, 42.27978 ], [ -73.41542, 42.29202 ], [ -73.4314, 42.29523 ], [ -73.45994, 42.21753 ] ] ] ] } },
{ "type": "Feature", "properties": { "town_name": "Clarksburg", "fill_color": "transparent" }, "geometry": { "type": "MultiPolygon", "coordinates": [ [ [ [ -73.1659, 42.71183 ], [ -73.11249, 42.71013 ], [ -73.05947, 42.70839 ], [ -73.04844, 42.74164 ], [ -73.16364, 42.74393 ], [ -73.1659, 42.71183 ] ] ] ] } },
{ "type": "Feature", "properties": { "town_name": "Great Barrington", "fill_color": "#AB47BC" }, "geometry": { "type": "MultiPolygon", "coordinates": [ [ [ [ -73.41436, 42.22523 ], [ -73.4125, 42.19202 ], [ -73.41394, 42.18636 ], [ -73.41176, 42.18659 ], [ -73.40842, 42.16025 ], [ -73.28724, 42.1592 ], [ -73.29067, 42.18397 ], [ -73.29005, 42.20093 ], [ -73.24399, 42.25706 ], [ -73.38075, 42.25853 ], [ -73.40245, 42.25854 ], [ -73.39624, 42.22504 ], [ -73.41436, 42.22523 ] ] ] ] } },
{ "type": "Feature", "properties": { "town_name": "North Adams", "fill_color": "transparent" }, "geometry": { "type": "MultiPolygon", "coordinates": [ [ [ [ -73.17724, 42.68704 ], [ -73.16777, 42.68665 ], [ -73.16976, 42.66017 ], [ -73.14111, 42.65871 ], [ -73.06328, 42.6547 ], [ -73.05947, 42.70839 ], [ -73.17537, 42.71228 ], [ -73.17724, 42.68704 ] ] ] ] } },
{ "type": "Feature", "properties": { "town_name": "Windsor", "fill_color": "transparent" }, "geometry": { "type": "MultiPolygon", "coordinates": [ [ [ [ -73.11371, 42.49242 ], [ -73.11516, 42.48781 ], [ -72.98647, 42.46671 ], [ -72.96858, 42.54001 ], [ -73.08542, 42.5595 ], [ -73.08856, 42.54841 ], [ -73.10378, 42.55081 ], [ -73.10787, 42.53646 ], [ -73.12026, 42.49349 ], [ -73.11371, 42.49242 ] ] ] ] } },
{ "type": "Feature", "properties": { "town_name": "Ashfield", "fill_color": "transparent" }, "geometry": { "type": "MultiPolygon", "coordinates": [ [ [ [ -72.87703, 42.55542 ], [ -72.87546, 42.5259 ], [ -72.87032, 42.52515 ], [ -72.87515, 42.50725 ], [ -72.87114, 42.48404 ], [ -72.77333, 42.46678 ], [ -72.7736, 42.46554 ], [ -72.76176, 42.46328 ], [ -72.73309, 42.56275 ], [ -72.77537, 42.56802 ], [ -72.87703, 42.55542 ] ] ] ] } },
{ "type": "Feature", "properties": { "town_name": "Bernardston", "fill_color": "transparent" }, "geometry": { "type": "MultiPolygon", "coordinates": [ [ [ [ -72.58934, 42.67354 ], [ -72.59349, 42.66483 ], [ -72.58579, 42.65091 ], [ -72.4895, 42.66239 ], [ -72.51671, 42.72847 ], [ -72.59862, 42.73074 ], [ -72.58934, 42.67354 ] ] ] ] } },
{ "type": "Feature", "properties": { "town_name": "Greenfield", "fill_color": "transparent" }, "geometry": { "type": "MultiPolygon", "coordinates": [ [ [ [ -72.64993, 42.57687 ], [ -72.62974, 42.57874 ], [ -72.62401, 42.57061 ], [ -72.60879, 42.57004 ], [ -72.60287, 42.5718 ], [ -72.59647, 42.56647 ], [ -72.59466, 42.56629 ], [ -72.59132, 42.56987 ], [ -72.57924, 42.57133 ], [ -72.57836, 42.5789 ], [ -72.58071, 42.58765 ], [ -72.58299, 42.58996 ], [ -72.58091, 42.59523 ], [ -72.57646, 42.59688 ], [ -72.56159, 42.60922 ], [ -72.55269, 42.61219 ], [ -72.55225, 42.615 ], [ -72.54925, 42.61755 ], [ -72.54971, 42.62656 ], [ -72.5517, 42.62701 ], [ -72.55004, 42.63189 ], [ -72.54683, 42.63545 ], [ -72.54913, 42.64122 ], [ -72.54247, 42.64527 ], [ -72.54076, 42.64502 ], [ -72.54078, 42.65566 ], [ -72.58579, 42.65091 ], [ -72.63304, 42.64535 ], [ -72.64993, 42.57687 ] ] ] ] } },
{ "type": "Feature", "properties": { "town_name": "Warwick", "fill_color": "transparent" }, "geometry": { "type": "MultiPolygon", "coordinates": [ [ [ [ -72.41203, 42.72545 ], [ -72.37712, 42.63928 ], [ -72.36477, 42.60943 ], [ -72.31843, 42.6149 ], [ -72.32157, 42.63148 ], [ -72.31119, 42.63284 ], [ -72.31282, 42.6408 ], [ -72.30189, 42.64143 ], [ -72.30338, 42.64884 ], [ -72.29317, 42.65058 ], [ -72.2954, 42.6608 ], [ -72.2832, 42.66246 ], [ -72.28554, 42.67339 ], [ -72.27196, 42.67467 ], [ -72.28303, 42.72156 ], [ -72.41203, 42.72545 ] ] ] ] } },
{ "type": "Feature", "properties": { "town_name": "Granville", "fill_color": "transparent" }, "geometry": { "type": "MultiPolygon", "coordinates": [ [ [ [ -72.97028, 42.07861 ], [ -72.97898, 42.03851 ], [ -72.83497, 42.03675 ], [ -72.83413, 42.05833 ], [ -72.83894, 42.06926 ], [ -72.83241, 42.08417 ], [ -72.83344, 42.09433 ], [ -72.83932, 42.11173 ], [ -72.89566, 42.12392 ], [ -72.98191, 42.13669 ], [ -72.97028, 42.07861 ] ] ] ] } },
{ "type": "Feature", "properties": { "town_name": "Ayer", "fill_color": "transparent" }, "geometry": { "type": "MultiPolygon", "coordinates": [ [ [ [ -71.61993, 42.5525 ], [ -71.60785, 42.54538 ], [ -71.59301, 42.54389 ], [ -71.58029, 42.55047 ], [ -71.55602, 42.54612 ], [ -71.53878, 42.54303 ], [ -71.54232, 42.55033 ], [ -71.53238, 42.55383 ], [ -71.52319, 42.55983 ], [ -71.52089, 42.56431 ], [ -71.51146, 42.56939 ], [ -71.60085, 42.583 ], [ -71.60236, 42.58202 ], [ -71.60726, 42.58294 ], [ -71.6096, 42.57811 ], [ -71.61596, 42.57493 ], [ -71.61126, 42.56838 ], [ -71.60663, 42.56632 ], [ -71.61251, 42.55892 ], [ -71.61148, 42.55384 ], [ -71.61993, 42.5525 ] ] ] ] } },
{ "type": "Feature", "properties": { "town_name": "Dunstable", "fill_color": "#009688" }, "geometry": { "type": "MultiPolygon", "coordinates": [ [ [ [ -71.5574, 42.67632 ], [ -71.53886, 42.67417 ], [ -71.53241, 42.66898 ], [ -71.53714, 42.66349 ], [ -71.5343, 42.64836 ], [ -71.51497, 42.64362 ], [ -71.4963, 42.64977 ], [ -71.48903, 42.6492 ], [ -71.48251, 42.65103 ], [ -71.47948, 42.65879 ], [ -71.47478, 42.64989 ], [ -71.45719, 42.65837 ], [ -71.45868, 42.65975 ], [ -71.45493, 42.66011 ], [ -71.45544, 42.66121 ], [ -71.44696, 42.66317 ], [ -71.44862, 42.66774 ], [ -71.45234, 42.66974 ], [ -71.44642, 42.67041 ], [ -71.45028, 42.6853 ], [ -71.45209, 42.68715 ], [ -71.45612, 42.68635 ], [ -71.45703, 42.69066 ], [ -71.45958, 42.69047 ], [ -71.46103, 42.69197 ], [ -71.45634, 42.69585 ], [ -71.45769, 42.70066 ], [ -71.54254, 42.70267 ], [ -71.54936, 42.69446 ], [ -71.55644, 42.68955 ], [ -71.55553, 42.6784 ], [ -71.5574, 42.67632 ] ] ] ] } },
{ "type": "Feature", "properties": { "town_name": "Maynard", "fill_color": "#009688" }, "geometry": { "type": "MultiPolygon", "coordinates": [ [ [ [ -71.47838, 42.4371 ], [ -71.4745, 42.42208 ], [ -71.46944, 42.40259 ], [ -71.44268, 42.40695 ], [ -71.43039, 42.43694 ], [ -71.46435, 42.4503 ], [ -71.47838, 42.4371 ] ] ] ] } },
{ "type": "Feature", "properties": { "town_name": "Townsend", "fill_color": "transparent" }, "geometry": { "type": "MultiPolygon", "coordinates": [ [ [ [ -71.77576, 42.64423 ], [ -71.6646, 42.6116 ], [ -71.6535, 42.67514 ], [ -71.65072, 42.69092 ], [ -71.65183, 42.70523 ], [ -71.77256, 42.70801 ], [ -71.77576, 42.64423 ] ] ] ] } },
{ "type": "Feature", "properties": { "town_name": "Winchester", "fill_color": "#009688" }, "geometry": { "type": "MultiPolygon", "coordinates": [ [ [ [ -71.18963, 42.44983 ], [ -71.18395, 42.44429 ], [ -71.17789, 42.4402 ], [ -71.18228, 42.43628 ], [ -71.12977, 42.43556 ], [ -71.12515, 42.43923 ], [ -71.12198, 42.43979 ], [ -71.124, 42.44383 ], [ -71.1194, 42.45344 ], [ -71.10952, 42.47389 ], [ -71.12377, 42.4734 ], [ -71.15303, 42.4625 ], [ -71.15624, 42.45692 ], [ -71.16434, 42.45976 ], [ -71.18963, 42.44983 ] ] ] ] } },
{ "type": "Feature", "properties": { "town_name": "Granby", "fill_color": "transparent" }, "geometry": { "type": "MultiPolygon", "coordinates": [ [ [ [ -72.55861, 42.28065 ], [ -72.55513, 42.24514 ], [ -72.54636, 42.21649 ], [ -72.44712, 42.22725 ], [ -72.4642, 42.30805 ], [ -72.47886, 42.30704 ], [ -72.49359, 42.30227 ], [ -72.49912, 42.30626 ], [ -72.50415, 42.30547 ], [ -72.51019, 42.30557 ], [ -72.52142, 42.30218 ], [ -72.52467, 42.30315 ], [ -72.52796, 42.30146 ], [ -72.52789, 42.29984 ], [ -72.53946, 42.29327 ], [ -72.54111, 42.28705 ], [ -72.55861, 42.28065 ] ] ] ] } },
{ "type": "Feature", "properties": { "town_name": "South Hadley", "fill_color": "#AB47BC" }, "geometry": { "type": "MultiPolygon", "coordinates": [ [ [ [ -72.62366, 42.23166 ], [ -72.61356, 42.22558 ], [ -72.60793, 42.21623 ], [ -72.59617, 42.21179 ], [ -72.54636, 42.21649 ], [ -72.55563, 42.25019 ], [ -72.55861, 42.28065 ], [ -72.54111, 42.28705 ], [ -72.53999, 42.28981 ], [ -72.53946, 42.29327 ], [ -72.52789, 42.29984 ], [ -72.53121, 42.30362 ], [ -72.54466, 42.30568 ], [ -72.57729, 42.30298 ], [ -72.58796, 42.30036 ], [ -72.60212, 42.28804 ], [ -72.60995, 42.28522 ], [ -72.60523, 42.28446 ], [ -72.60121, 42.28126 ], [ -72.59917, 42.26738 ], [ -72.61155, 42.25691 ], [ -72.62134, 42.24182 ], [ -72.62366, 42.23166 ] ] ] ] } },
{ "type": "Feature", "properties": { "town_name": "Rehoboth", "fill_color": "#AB47BC" }, "geometry": { "type": "MultiPolygon", "coordinates": [ [ [ [ -71.30072, 41.90366 ], [ -71.29246, 41.77488 ], [ -71.18778, 41.78316 ], [ -71.20346, 41.88184 ], [ -71.18679, 41.87934 ], [ -71.19389, 41.91076 ], [ -71.20816, 41.90885 ], [ -71.22249, 41.91224 ], [ -71.30072, 41.90366 ] ] ] ] } },
{ "type": "Feature", "properties": { "town_name": "Auburn", "fill_color": "transparent" }, "geometry": { "type": "MultiPolygon", "coordinates": [ [ [ [ -71.89513, 42.19243 ], [ -71.8758, 42.17012 ], [ -71.85593, 42.16062 ], [ -71.83492, 42.15983 ], [ -71.79633, 42.20924 ], [ -71.80989, 42.23093 ], [ -71.86601, 42.22598 ], [ -71.89513, 42.19243 ] ] ] ] } },
{ "type": "Feature", "properties": { "town_name": "Bolton", "fill_color": "#009688" }, "geometry": { "type": "MultiPolygon", "coordinates": [ [ [ [ -71.66063, 42.41823 ], [ -71.63042, 42.40954 ], [ -71.60425, 42.3977 ], [ -71.58526, 42.4071 ], [ -71.56458, 42.41093 ], [ -71.5591, 42.41194 ], [ -71.5489, 42.44731 ], [ -71.64243, 42.4795 ], [ -71.66063, 42.41823 ] ] ] ] } },
{ "type": "Feature", "properties": { "town_name": "Holden", "fill_color": "#009688" }, "geometry": { "type": "MultiPolygon", "coordinates": [ [ [ [ -71.92886, 42.3682 ], [ -71.91877, 42.34798 ], [ -71.90541, 42.34943 ], [ -71.90172, 42.34166 ], [ -71.90584, 42.34051 ], [ -71.9035, 42.33567 ], [ -71.91122, 42.3333 ], [ -71.89145, 42.29574 ], [ -71.87899, 42.29752 ], [ -71.87952, 42.29372 ], [ -71.88215, 42.29196 ], [ -71.87539, 42.28654 ], [ -71.80204, 42.33134 ], [ -71.80548, 42.34281 ], [ -71.82416, 42.40485 ], [ -71.81778, 42.40396 ], [ -71.83174, 42.43183 ], [ -71.92886, 42.3682 ] ] ] ] } },
{ "type": "Feature", "properties": { "town_name": "Hubbardston", "fill_color": "transparent" }, "geometry": { "type": "MultiPolygon", "coordinates": [ [ [ [ -72.09969, 42.48452 ], [ -72.00739, 42.42103 ], [ -71.92029, 42.47454 ], [ -71.93319, 42.48292 ], [ -71.91983, 42.49145 ], [ -72.00138, 42.54661 ], [ -72.08204, 42.49562 ], [ -72.09969, 42.48452 ] ] ] ] } },
{ "type": "Feature", "properties": { "town_name": "Oakham", "fill_color": "transparent" }, "geometry": { "type": "MultiPolygon", "coordinates": [ [ [ [ -72.04117, 42.3087 ], [ -71.98941, 42.31019 ], [ -72.03508, 42.40392 ], [ -72.11247, 42.35642 ], [ -72.04117, 42.3087 ] ] ] ] } },
{ "type": "Feature", "properties": { "town_name": "Rutland", "fill_color": "#009688" }, "geometry": { "type": "MultiPolygon", "coordinates": [ [ [ [ -72.03508, 42.40392 ], [ -71.99378, 42.31934 ], [ -71.97165, 42.32914 ], [ -71.95396, 42.33353 ], [ -71.91877, 42.34798 ], [ -71.92886, 42.3682 ], [ -71.88776, 42.39495 ], [ -71.96544, 42.44661 ], [ -72.00739, 42.42103 ], [ -72.03508, 42.40392 ] ] ] ] } },
{ "type": "Feature", "properties": { "town_name": "West Brookfield", "fill_color": "transparent" }, "geometry": { "type": "MultiPolygon", "coordinates": [ [ [ [ -72.21765, 42.27017 ], [ -72.21609, 42.2562 ], [ -72.2111, 42.25568 ], [ -72.21108, 42.25126 ], [ -72.18251, 42.25139 ], [ -72.18113, 42.24607 ], [ -72.17957, 42.24625 ], [ -72.1773, 42.23716 ], [ -72.17153, 42.23451 ], [ -72.1539, 42.20718 ], [ -72.14721, 42.18147 ], [ -72.1397, 42.17955 ], [ -72.14226, 42.19745 ], [ -72.12984, 42.22124 ], [ -72.11986, 42.21407 ], [ -72.11879, 42.23095 ], [ -72.11274, 42.2332 ], [ -72.11125, 42.23858 ], [ -72.1173, 42.24295 ], [ -72.11329, 42.25243 ], [ -72.12504, 42.26347 ], [ -72.11735, 42.27882 ], [ -72.13481, 42.28115 ], [ -72.14569, 42.27716 ], [ -72.14495, 42.29122 ], [ -72.16154, 42.28835 ], [ -72.16174, 42.29188 ], [ -72.17054, 42.29152 ], [ -72.16904, 42.29785 ], [ -72.2108, 42.29448 ], [ -72.20328, 42.29118 ], [ -72.20711, 42.28525 ], [ -72.21204, 42.28265 ], [ -72.21278, 42.2698 ], [ -72.21765, 42.27017 ] ] ] ] } },
{ "type": "Feature", "properties": { "town_name": "Norfolk", "fill_color": "#AB47BC" }, "geometry": { "type": "MultiPolygon", "coordinates": [ [ [ [ -71.38217, 42.1297 ], [ -71.36428, 42.10005 ], [ -71.35927, 42.08952 ], [ -71.3158, 42.09012 ], [ -71.28505, 42.08245 ], [ -71.28448, 42.08358 ], [ -71.28027, 42.08849 ], [ -71.30022, 42.12591 ], [ -71.29894, 42.1265 ], [ -71.30129, 42.13785 ], [ -71.29908, 42.1393 ], [ -71.30012, 42.14718 ], [ -71.30375, 42.1495 ], [ -71.33966, 42.14938 ], [ -71.34463, 42.1463 ], [ -71.34865, 42.14058 ], [ -71.3588, 42.13453 ], [ -71.36188, 42.13351 ], [ -71.36342, 42.13224 ], [ -71.36394, 42.13309 ], [ -71.36633, 42.13193 ], [ -71.36676, 42.13383 ], [ -71.37126, 42.13321 ], [ -71.37562, 42.13545 ], [ -71.3798, 42.13559 ], [ -71.38026, 42.13143 ], [ -71.38217, 42.1297 ] ] ] ] } },
{ "type": "Feature", "properties": { "town_name": "Easton", "fill_color": "#009688" }, "geometry": { "type": "MultiPolygon", "coordinates": [ [ [ [ -71.16868, 42.06116 ], [ -71.15645, 42.00104 ], [ -71.05472, 41.98506 ], [ -71.08048, 42.09554 ], [ -71.16868, 42.06116 ] ] ] ] } },
{ "type": "Feature", "properties": { "town_name": "Wales", "fill_color": "#009688" }, "geometry": { "type": "MultiPolygon", "coordinates": [ [ [ [ -72.27066, 42.03171 ], [ -72.24952, 42.03163 ], [ -72.19883, 42.03101 ], [ -72.19823, 42.0352 ], [ -72.20168, 42.04205 ], [ -72.19615, 42.05049 ], [ -72.19956, 42.05459 ], [ -72.19688, 42.06309 ], [ -72.19365, 42.06829 ], [ -72.19375, 42.08155 ], [ -72.19189, 42.08489 ], [ -72.19267, 42.09154 ], [ -72.27009, 42.09252 ], [ -72.27066, 42.03171 ] ] ] ] } },
{ "type": "Feature", "properties": { "town_name": "Rockland", "fill_color": "transparent" }, "geometry": { "type": "MultiPolygon", "coordinates": [ [ [ [ -70.94077, 42.15136 ], [ -70.93149, 42.11655 ], [ -70.90241, 42.0859 ], [ -70.88755, 42.08796 ], [ -70.89003, 42.11982 ], [ -70.90012, 42.15174 ], [ -70.88431, 42.15372 ], [ -70.89029, 42.17174 ], [ -70.94077, 42.15136 ] ] ] ] } },
{ "type": "Feature", "properties": { "town_name": "Russell", "fill_color": "transparent" }, "geometry": { "type": "MultiPolygon", "coordinates": [ [ [ [ -72.89566, 42.12392 ], [ -72.8539, 42.11501 ], [ -72.85138, 42.12443 ], [ -72.84633, 42.1265 ], [ -72.84275, 42.12714 ], [ -72.84342, 42.13248 ], [ -72.83612, 42.13434 ], [ -72.83612, 42.13719 ], [ -72.83076, 42.1382 ], [ -72.82894, 42.13699 ], [ -72.81287, 42.15585 ], [ -72.81091, 42.16382 ], [ -72.84692, 42.20138 ], [ -72.8566, 42.20358 ], [ -72.85417, 42.20772 ], [ -72.85965, 42.21733 ], [ -72.85757, 42.22025 ], [ -72.86011, 42.22217 ], [ -72.86847, 42.22366 ], [ -72.87384, 42.20943 ], [ -72.88069, 42.18242 ], [ -72.89566, 42.12392 ] ] ] ] } },
{ "type": "Feature", "properties": { "town_name": "Goshen", "fill_color": "#AB47BC" }, "geometry": { "type": "MultiPolygon", "coordinates": [ [ [ [ -72.8479, 42.43649 ], [ -72.83406, 42.43791 ], [ -72.83561, 42.41985 ], [ -72.81552, 42.42123 ], [ -72.81615, 42.40315 ], [ -72.80544, 42.40453 ], [ -72.80563, 42.3983 ], [ -72.77353, 42.40153 ], [ -72.7703, 42.4447 ], [ -72.75776, 42.44588 ], [ -72.75711, 42.45241 ], [ -72.76594, 42.45168 ], [ -72.76511, 42.45588 ], [ -72.75911, 42.45649 ], [ -72.75829, 42.46093 ], [ -72.7643, 42.46016 ], [ -72.76379, 42.46366 ], [ -72.7736, 42.46554 ], [ -72.77333, 42.46678 ], [ -72.85563, 42.48092 ], [ -72.8479, 42.43649 ] ] ] ] } },
{ "type": "Feature", "properties": { "town_name": "Eastham", "fill_color": "transparent" }, "geometry": { "type": "MultiPolygon", "coordinates": [ [ [ [ -70.00901, 41.87662 ], [ -70.00449, 41.83883 ], [ -70.00529, 41.81234 ], [ -70.00384, 41.80852 ], [ -70.00894, 41.80047 ], [ -70.00456, 41.8005 ], [ -69.99324, 41.79861 ], [ -69.98741, 41.80244 ], [ -69.97994, 41.79291 ], [ -69.97227, 41.8049 ], [ -69.96562, 41.80859 ], [ -69.95963, 41.81499 ], [ -69.95672, 41.81506 ], [ -69.95316, 41.81293 ], [ -69.93818, 41.81037 ], [ -69.94531, 41.84522 ], [ -69.95746, 41.8799 ], [ -69.99301, 41.87619 ], [ -70.00537, 41.87835 ], [ -70.0046, 41.87996 ], [ -70.00644, 41.88081 ], [ -70.00901, 41.87662 ] ] ] ] } },
{ "type": "Feature", "properties": { "town_name": "Barre", "fill_color": "transparent" }, "geometry": { "type": "MultiPolygon", "coordinates": [ [ [ [ -72.20515, 42.41768 ], [ -72.11247, 42.35642 ], [ -72.00739, 42.42103 ], [ -72.09969, 42.48452 ], [ -72.20515, 42.41768 ] ] ] ] } },
{ "type": "Feature", "properties": { "town_name": "Clinton", "fill_color": "transparent" }, "geometry": { "type": "MultiPolygon", "coordinates": [ [ [ [ -71.72598, 42.39029 ], [ -71.70102, 42.39581 ], [ -71.67877, 42.38916 ], [ -71.67652, 42.39612 ], [ -71.66807, 42.39457 ], [ -71.65674, 42.43096 ], [ -71.68819, 42.43674 ], [ -71.71836, 42.41022 ], [ -71.72158, 42.40924 ], [ -71.72598, 42.39029 ] ] ] ] } },
{ "type": "Feature", "properties": { "town_name": "Westborough", "fill_color": "#009688" }, "geometry": { "type": "MultiPolygon", "coordinates": [ [ [ [ -71.67644, 42.25417 ], [ -71.67093, 42.2447 ], [ -71.65017, 42.2478 ], [ -71.64444, 42.22663 ], [ -71.62107, 42.23087 ], [ -71.59932, 42.22596 ], [ -71.58676, 42.25955 ], [ -71.55853, 42.26782 ], [ -71.55011, 42.26602 ], [ -71.54294, 42.26718 ], [ -71.54274, 42.26974 ], [ -71.56243, 42.28884 ], [ -71.58003, 42.30589 ], [ -71.63321, 42.30056 ], [ -71.6345, 42.29681 ], [ -71.63703, 42.29629 ], [ -71.63797, 42.29263 ], [ -71.64259, 42.29025 ], [ -71.64279, 42.28815 ], [ -71.67011, 42.27876 ], [ -71.65914, 42.2668 ], [ -71.67063, 42.26108 ], [ -71.67644, 42.25417 ] ] ] ] } },
{ "type": "Feature", "properties": { "town_name": "Chelsea", "fill_color": "transparent" }, "geometry": { "type": "MultiPolygon", "coordinates": [ [ [ [ -71.0553, 42.3871 ], [ -71.04326, 42.38359 ], [ -71.03836, 42.38653 ], [ -71.02771, 42.38404 ], [ -71.02051, 42.38764 ], [ -71.01609, 42.3959 ], [ -71.0094, 42.40118 ], [ -71.01813, 42.40338 ], [ -71.02083, 42.40351 ], [ -71.02163, 42.40519 ], [ -71.02689, 42.40655 ], [ -71.03344, 42.41338 ], [ -71.04057, 42.40198 ], [ -71.04814, 42.39663 ], [ -71.05195, 42.39762 ], [ -71.0533, 42.39618 ], [ -71.05, 42.39347 ], [ -71.0553, 42.3871 ] ] ] ] } },
{ "type": "Feature", "properties": { "town_name": "Tyringham", "fill_color": "transparent" }, "geometry": { "type": "MultiPolygon", "coordinates": [ [ [ [ -73.2568, 42.24167 ], [ -73.16209, 42.19699 ], [ -73.16088, 42.2866 ], [ -73.22615, 42.27858 ], [ -73.2568, 42.24167 ] ] ] ] } },
{ "type": "Feature", "properties": { "town_name": "Sturbridge", "fill_color": "#009688" }, "geometry": { "type": "MultiPolygon", "coordinates": [ [ [ [ -72.13569, 42.03025 ], [ -72.09973, 42.0288 ], [ -72.07443, 42.05846 ], [ -72.06642, 42.07209 ], [ -72.06056, 42.07182 ], [ -72.05941, 42.07396 ], [ -72.06086, 42.07888 ], [ -72.05715, 42.08317 ], [ -72.05341, 42.0825 ], [ -72.04676, 42.10344 ], [ -72.0405, 42.10419 ], [ -72.04682, 42.13492 ], [ -72.02401, 42.14179 ], [ -72.02944, 42.17443 ], [ -72.08942, 42.16714 ], [ -72.08675, 42.15444 ], [ -72.10868, 42.15159 ], [ -72.11152, 42.16445 ], [ -72.13501, 42.16178 ], [ -72.13539, 42.06315 ], [ -72.13569, 42.03025 ] ] ] ] } },
{ "type": "Feature", "properties": { "town_name": "Millville", "fill_color": "transparent" }, "geometry": { "type": "MultiPolygon", "coordinates": [ [ [ [ -71.59195, 42.06369 ], [ -71.5911, 42.01377 ], [ -71.56367, 42.01428 ], [ -71.56392, 42.06406 ], [ -71.59195, 42.06369 ] ] ] ] } },
{ "type": "Feature", "properties": { "town_name": "Uxbridge", "fill_color": "transparent" }, "geometry": { "type": "MultiPolygon", "coordinates": [ [ [ [ -71.69661, 42.09719 ], [ -71.69628, 42.0711 ], [ -71.67924, 42.07418 ], [ -71.68245, 42.04374 ], [ -71.68088, 42.0117 ], [ -71.5911, 42.01377 ], [ -71.59262, 42.11424 ], [ -71.60195, 42.11133 ], [ -71.60353, 42.11211 ], [ -71.65087, 42.0955 ], [ -71.67997, 42.1034 ], [ -71.67999, 42.10015 ], [ -71.69661, 42.09719 ] ] ] ] } },
{ "type": "Feature", "properties": { "town_name": "Tisbury", "fill_color": "transparent" }, "geometry": { "type": "MultiPolygon", "coordinates": [ [ [ [ -70.65609, 41.46081 ], [ -70.61511, 41.41363 ], [ -70.62134, 41.44523 ], [ -70.60318, 41.42779 ], [ -70.60027, 41.42968 ], [ -70.60169, 41.43223 ], [ -70.59421, 41.44313 ], [ -70.59026, 41.44559 ], [ -70.58498, 41.45484 ], [ -70.58843, 41.46 ], [ -70.592, 41.4559 ], [ -70.59775, 41.45471 ], [ -70.59984, 41.46143 ], [ -70.5958, 41.46873 ], [ -70.59844, 41.48115 ], [ -70.60356, 41.48238 ], [ -70.64215, 41.46232 ], [ -70.65609, 41.46081 ] ] ] ] } },
{ "type": "Feature", "properties": { "town_name": "Chester", "fill_color": "transparent" }, "geometry": { "type": "MultiPolygon", "coordinates": [ [ [ [ -73.00185, 42.25102 ], [ -72.9123, 42.23913 ], [ -72.89457, 42.25381 ], [ -72.88118, 42.2649 ], [ -72.88521, 42.33261 ], [ -72.89479, 42.33149 ], [ -72.89564, 42.3407 ], [ -72.95327, 42.34383 ], [ -73.00028, 42.3126 ], [ -73.00185, 42.25102 ] ] ] ] } },
{ "type": "Feature", "properties": { "town_name": "Hopkinton", "fill_color": "#009688" }, "geometry": { "type": "MultiPolygon", "coordinates": [ [ [ [ -71.60222, 42.2181 ], [ -71.58291, 42.19556 ], [ -71.57155, 42.19465 ], [ -71.57227, 42.19273 ], [ -71.55678, 42.19245 ], [ -71.55574, 42.1825 ], [ -71.53928, 42.18973 ], [ -71.50689, 42.18893 ], [ -71.46027, 42.21625 ], [ -71.46711, 42.23077 ], [ -71.47536, 42.22948 ], [ -71.48627, 42.23221 ], [ -71.486, 42.24696 ], [ -71.52276, 42.25521 ], [ -71.52218, 42.26645 ], [ -71.53801, 42.26456 ], [ -71.53963, 42.26279 ], [ -71.55658, 42.26813 ], [ -71.56456, 42.26687 ], [ -71.58676, 42.25955 ], [ -71.60222, 42.2181 ] ] ] ] } },
{ "type": "Feature", "properties": { "town_name": "Westford", "fill_color": "#009688" }, "geometry": { "type": "MultiPolygon", "coordinates": [ [ [ [ -71.49801, 42.57686 ], [ -71.48376, 42.57379 ], [ -71.48002, 42.55809 ], [ -71.42379, 42.52619 ], [ -71.38474, 42.5387 ], [ -71.41764, 42.65377 ], [ -71.49353, 42.6174 ], [ -71.49801, 42.57686 ] ] ] ] } },
{ "type": "Feature", "properties": { "town_name": "Hinsdale", "fill_color": "transparent" }, "geometry": { "type": "MultiPolygon", "coordinates": [ [ [ [ -73.16919, 42.41276 ], [ -73.13564, 42.41196 ], [ -73.14079, 42.39311 ], [ -73.09143, 42.38478 ], [ -73.08441, 42.40984 ], [ -73.08163, 42.40936 ], [ -73.07955, 42.42246 ], [ -73.0813, 42.42403 ], [ -73.07701, 42.4263 ], [ -73.07784, 42.43033 ], [ -73.08045, 42.4327 ], [ -73.07607, 42.44599 ], [ -73.07953, 42.44731 ], [ -73.07316, 42.4684 ], [ -73.07143, 42.46803 ], [ -73.06795, 42.48011 ], [ -73.11516, 42.48781 ], [ -73.12439, 42.45263 ], [ -73.15733, 42.45351 ], [ -73.16919, 42.41276 ] ], [ [ -73.0813, 42.42403 ], [ -73.08353, 42.42398 ], [ -73.08161, 42.42521 ], [ -73.0813, 42.42403 ] ] ] ] } },
{ "type": "Feature", "properties": { "town_name": "Heath", "fill_color": "transparent" }, "geometry": { "type": "MultiPolygon", "coordinates": [ [ [ [ -72.8643, 42.73776 ], [ -72.85403, 42.68321 ], [ -72.85958, 42.68309 ], [ -72.85098, 42.64713 ], [ -72.84227, 42.64661 ], [ -72.84279, 42.6381 ], [ -72.8362, 42.63779 ], [ -72.83571, 42.63507 ], [ -72.82151, 42.63688 ], [ -72.77265, 42.65833 ], [ -72.79108, 42.73608 ], [ -72.8643, 42.73776 ] ] ] ] } },
{ "type": "Feature", "properties": { "town_name": "West Boylston", "fill_color": "#AB47BC" }, "geometry": { "type": "MultiPolygon", "coordinates": [ [ [ [ -71.82416, 42.40485 ], [ -71.80204, 42.33134 ], [ -71.78616, 42.34102 ], [ -71.76827, 42.31126 ], [ -71.7672, 42.31323 ], [ -71.76446, 42.31286 ], [ -71.76351, 42.34569 ], [ -71.75971, 42.37074 ], [ -71.7538, 42.38313 ], [ -71.74192, 42.38685 ], [ -71.74192, 42.39277 ], [ -71.7633, 42.40037 ], [ -71.78655, 42.39898 ], [ -71.82416, 42.40485 ] ] ] ] } },
{ "type": "Feature", "properties": { "town_name": "West Stockbridge", "fill_color": "#AB47BC" }, "geometry": { "type": "MultiPolygon", "coordinates": [ [ [ [ -73.41542, 42.29202 ], [ -73.4155, 42.27978 ], [ -73.40001, 42.27251 ], [ -73.40245, 42.25854 ], [ -73.36594, 42.25853 ], [ -73.36473, 42.31903 ], [ -73.3523, 42.32011 ], [ -73.35051, 42.33941 ], [ -73.34099, 42.35188 ], [ -73.41064, 42.35175 ], [ -73.41197, 42.34813 ], [ -73.43108, 42.29609 ], [ -73.41542, 42.29202 ] ] ] ] } },
{ "type": "Feature", "properties": { "town_name": "Milford", "fill_color": "transparent" }, "geometry": { "type": "MultiPolygon", "coordinates": [ [ [ [ -71.56441, 42.16412 ], [ -71.56096, 42.1558 ], [ -71.56322, 42.1534 ], [ -71.52557, 42.12895 ], [ -71.51924, 42.12419 ], [ -71.50904, 42.12331 ], [ -71.50627, 42.11898 ], [ -71.50178, 42.11747 ], [ -71.47852, 42.13138 ], [ -71.47803, 42.16587 ], [ -71.49738, 42.16664 ], [ -71.50263, 42.19142 ], [ -71.50689, 42.18893 ], [ -71.53928, 42.18973 ], [ -71.55574, 42.1825 ], [ -71.55167, 42.17857 ], [ -71.55269, 42.17746 ], [ -71.56202, 42.17861 ], [ -71.56327, 42.17197 ], [ -71.55981, 42.16711 ], [ -71.56307, 42.16757 ], [ -71.56441, 42.16412 ] ] ] ] } },
{ "type": "Feature", "properties": { "town_name": "Orleans", "fill_color": "transparent" }, "geometry": { "type": "MultiPolygon", "coordinates": [ [ [ [ -70.02303, 41.78819 ], [ -70.01145, 41.78153 ], [ -70.00536, 41.76881 ], [ -70.00538, 41.76463 ], [ -69.99319, 41.7477 ], [ -70.00201, 41.73555 ], [ -69.99163, 41.72866 ], [ -69.98852, 41.72499 ], [ -69.93635, 41.72324 ], [ -69.9285, 41.72251 ], [ -69.92865, 41.74125 ], [ -69.93818, 41.81037 ], [ -69.95316, 41.81293 ], [ -69.95672, 41.81506 ], [ -69.95963, 41.81499 ], [ -69.96562, 41.80859 ], [ -69.97227, 41.8049 ], [ -69.97994, 41.79291 ], [ -69.98741, 41.80244 ], [ -69.9952, 41.79846 ], [ -70.00456, 41.8005 ], [ -70.00894, 41.80047 ], [ -70.02303, 41.78819 ] ] ] ] } },
{ "type": "Feature", "properties": { "town_name": "Cohasset", "fill_color": "#009688" }, "geometry": { "type": "MultiPolygon", "coordinates": [ [ [ [ -70.85338, 42.23961 ], [ -70.8408, 42.21312 ], [ -70.82702, 42.20079 ], [ -70.78914, 42.22281 ], [ -70.78894, 42.22547 ], [ -70.78481, 42.22588 ], [ -70.78552, 42.22946 ], [ -70.78788, 42.2291 ], [ -70.78868, 42.2326 ], [ -70.78197, 42.23643 ], [ -70.78394, 42.23765 ], [ -70.78335, 42.24051 ], [ -70.78904, 42.24017 ], [ -70.78146, 42.24872 ], [ -70.7844, 42.24858 ], [ -70.79138, 42.25496 ], [ -70.81174, 42.26293 ], [ -70.82466, 42.26593 ], [ -70.82699, 42.26437 ], [ -70.83624, 42.26466 ], [ -70.84063, 42.26099 ], [ -70.84463, 42.26043 ], [ -70.84894, 42.25214 ], [ -70.84928, 42.24733 ], [ -70.84124, 42.24455 ], [ -70.84115, 42.24335 ], [ -70.85338, 42.23961 ] ] ] ] } },
{ "type": "Feature", "properties": { "town_name": "Georgetown", "fill_color": "#AB47BC" }, "geometry": { "type": "MultiPolygon", "coordinates": [ [ [ [ -71.03162, 42.71804 ], [ -71.02363, 42.70159 ], [ -70.99735, 42.70067 ], [ -70.99577, 42.69962 ], [ -70.99193, 42.70076 ], [ -70.98753, 42.69812 ], [ -70.97637, 42.69442 ], [ -70.95888, 42.70696 ], [ -70.93836, 42.7262 ], [ -70.92413, 42.73599 ], [ -70.95969, 42.75383 ], [ -70.97946, 42.74866 ], [ -71.01158, 42.73414 ], [ -71.027, 42.73134 ], [ -71.03464, 42.73235 ], [ -71.03162, 42.71804 ] ] ] ] } },
{ "type": "Feature", "properties": { "town_name": "Avon", "fill_color": "transparent" }, "geometry": { "type": "MultiPolygon", "coordinates": [ [ [ [ -71.07094, 42.13218 ], [ -71.06033, 42.10696 ], [ -71.06126, 42.10319 ], [ -71.02186, 42.11874 ], [ -71.02695, 42.12373 ], [ -71.02721, 42.13294 ], [ -71.04007, 42.13717 ], [ -71.05651, 42.15382 ], [ -71.06504, 42.13872 ], [ -71.07094, 42.13218 ] ] ] ] } },
{ "type": "Feature", "properties": { "town_name": "Egremont", "fill_color": "transparent" }, "geometry": { "type": "MultiPolygon", "coordinates": [ [ [ [ -73.48296, 42.15482 ], [ -73.47252, 42.15043 ], [ -73.43654, 42.11815 ], [ -73.42875, 42.12126 ], [ -73.43485, 42.13236 ], [ -73.40432, 42.132 ], [ -73.40674, 42.1484 ], [ -73.39306, 42.15263 ], [ -73.39344, 42.15512 ], [ -73.38831, 42.15517 ], [ -73.38901, 42.16015 ], [ -73.40842, 42.16025 ], [ -73.41176, 42.18659 ], [ -73.41394, 42.18636 ], [ -73.4125, 42.19202 ], [ -73.41409, 42.21272 ], [ -73.45994, 42.21753 ], [ -73.48296, 42.15482 ] ] ] ] } },
{ "type": "Feature", "properties": { "town_name": "Leverett", "fill_color": "#009688" }, "geometry": { "type": "MultiPolygon", "coordinates": [ [ [ [ -72.53428, 42.44221 ], [ -72.53097, 42.42885 ], [ -72.45298, 42.43862 ], [ -72.43954, 42.51858 ], [ -72.52093, 42.51022 ], [ -72.52433, 42.47651 ], [ -72.53466, 42.45847 ], [ -72.53428, 42.44221 ] ] ] ] } },
{ "type": "Feature", "properties": { "town_name": "Tolland", "fill_color": "transparent" }, "geometry": { "type": "MultiPolygon", "coordinates": [ [ [ [ -73.07504, 42.10519 ], [ -73.07309, 42.09421 ], [ -73.0618, 42.07064 ], [ -73.05815, 42.06675 ], [ -73.06174, 42.06194 ], [ -73.05465, 42.0576 ], [ -73.05391, 42.05499 ], [ -73.05581, 42.04505 ], [ -73.05329, 42.03986 ], [ -72.97898, 42.03851 ], [ -72.97028, 42.07861 ], [ -72.98191, 42.13669 ], [ -73.07111, 42.14821 ], [ -73.07042, 42.14475 ], [ -73.07213, 42.14355 ], [ -73.0685, 42.1355 ], [ -73.06928, 42.13087 ], [ -73.06426, 42.12277 ], [ -73.06121, 42.11811 ], [ -73.06574, 42.11478 ], [ -73.07267, 42.11168 ], [ -73.07289, 42.10702 ], [ -73.07504, 42.10519 ] ] ] ] } },
{ "type": "Feature", "properties": { "town_name": "Worthington", "fill_color": "#AB47BC" }, "geometry": { "type": "MultiPolygon", "coordinates": [ [ [ [ -73.00908, 42.38773 ], [ -72.9765, 42.39145 ], [ -72.97792, 42.38532 ], [ -72.97344, 42.37646 ], [ -72.96522, 42.37075 ], [ -72.96863, 42.3647 ], [ -72.96608, 42.36416 ], [ -72.96686, 42.3627 ], [ -72.96318, 42.35369 ], [ -72.95327, 42.34383 ], [ -72.89564, 42.3407 ], [ -72.89479, 42.33149 ], [ -72.88521, 42.33261 ], [ -72.90458, 42.43039 ], [ -72.88081, 42.43301 ], [ -72.99264, 42.44909 ], [ -73.00908, 42.38773 ] ] ] ] } },
{ "type": "Feature", "properties": { "town_name": "West Tisbury", "fill_color": "transparent" }, "geometry": { "type": "MultiPolygon", "coordinates": [ [ [ [ -70.71235, 41.40942 ], [ -70.69719, 41.39123 ], [ -70.68422, 41.37185 ], [ -70.67704, 41.37748 ], [ -70.67358, 41.37446 ], [ -70.66832, 41.3735 ], [ -70.66546, 41.36323 ], [ -70.65163, 41.34961 ], [ -70.65119, 41.34682 ], [ -70.60676, 41.34892 ], [ -70.60948, 41.38484 ], [ -70.61511, 41.41363 ], [ -70.65609, 41.46081 ], [ -70.65965, 41.46068 ], [ -70.66508, 41.45623 ], [ -70.66592, 41.45109 ], [ -70.67186, 41.44236 ], [ -70.67925, 41.4406 ], [ -70.68688, 41.44133 ], [ -70.68992, 41.43684 ], [ -70.69548, 41.43501 ], [ -70.69793, 41.43559 ], [ -70.70096, 41.43401 ], [ -70.70656, 41.4192 ], [ -70.7094, 41.41866 ], [ -70.71235, 41.40942 ] ] ] ] } },
{ "type": "Feature", "properties": { "town_name": "Phillipston", "fill_color": "transparent" }, "geometry": { "type": "MultiPolygon", "coordinates": [ [ [ [ -72.18564, 42.55036 ], [ -72.10094, 42.48368 ], [ -72.08204, 42.49562 ], [ -72.0819, 42.49885 ], [ -72.08034, 42.49925 ], [ -72.08237, 42.50157 ], [ -72.08501, 42.50515 ], [ -72.08377, 42.50856 ], [ -72.08857, 42.51573 ], [ -72.09195, 42.51876 ], [ -72.09083, 42.52057 ], [ -72.09218, 42.52134 ], [ -72.09064, 42.5238 ], [ -72.09539, 42.53551 ], [ -72.12694, 42.57529 ], [ -72.12159, 42.57844 ], [ -72.1248, 42.61129 ], [ -72.12971, 42.61305 ], [ -72.13623, 42.61916 ], [ -72.13564, 42.62045 ], [ -72.13895, 42.62395 ], [ -72.15438, 42.62383 ], [ -72.15478, 42.62004 ], [ -72.15805, 42.61755 ], [ -72.16789, 42.60014 ], [ -72.1636, 42.59829 ], [ -72.1613, 42.60108 ], [ -72.15763, 42.59892 ], [ -72.16551, 42.59031 ], [ -72.16314, 42.58886 ], [ -72.16759, 42.58487 ], [ -72.17556, 42.58987 ], [ -72.18564, 42.55036 ] ] ] ] } },
{ "type": "Feature", "properties": { "town_name": "Wellesley", "fill_color": "#009688" }, "geometry": { "type": "MultiPolygon", "coordinates": [ [ [ [ -71.32975, 42.31299 ], [ -71.32154, 42.29369 ], [ -71.30846, 42.27071 ], [ -71.3093, 42.27638 ], [ -71.30464, 42.27836 ], [ -71.29995, 42.28291 ], [ -71.29779, 42.27921 ], [ -71.29947, 42.27476 ], [ -71.29484, 42.27305 ], [ -71.23269, 42.31634 ], [ -71.22889, 42.31634 ], [ -71.22826, 42.31885 ], [ -71.23091, 42.32073 ], [ -71.23842, 42.32179 ], [ -71.2468, 42.32106 ], [ -71.25294, 42.32676 ], [ -71.2574, 42.32448 ], [ -71.259, 42.32634 ], [ -71.26569, 42.32724 ], [ -71.26996, 42.32809 ], [ -71.32975, 42.31299 ] ] ] ] } },
{ "type": "Feature", "properties": { "town_name": "Stoneham", "fill_color": "transparent" }, "geometry": { "type": "MultiPolygon", "coordinates": [ [ [ [ -71.1215, 42.49854 ], [ -71.11677, 42.49455 ], [ -71.11206, 42.47382 ], [ -71.10952, 42.47389 ], [ -71.1194, 42.45344 ], [ -71.08212, 42.44394 ], [ -71.07524, 42.48801 ], [ -71.08536, 42.4922 ], [ -71.09007, 42.50118 ], [ -71.10073, 42.50224 ], [ -71.11976, 42.50029 ], [ -71.1215, 42.49854 ] ] ] ] } },
{ "type": "Feature", "properties": { "town_name": "Brewster", "fill_color": "transparent" }, "geometry": { "type": "MultiPolygon", "coordinates": [ [ [ [ -70.14511, 41.74481 ], [ -70.13385, 41.70614 ], [ -70.09637, 41.716 ], [ -70.09405, 41.7245 ], [ -70.08492, 41.72604 ], [ -70.07554, 41.72182 ], [ -70.06522, 41.72326 ], [ -70.05061, 41.72165 ], [ -70.04325, 41.72378 ], [ -70.04336, 41.72512 ], [ -70.03637, 41.72652 ], [ -70.03203, 41.72384 ], [ -70.02657, 41.72563 ], [ -70.02444, 41.72776 ], [ -69.99178, 41.72893 ], [ -70.00201, 41.73555 ], [ -69.99319, 41.7477 ], [ -70.00538, 41.76463 ], [ -70.00843, 41.77535 ], [ -70.0131, 41.78335 ], [ -70.02303, 41.78819 ], [ -70.06636, 41.77287 ], [ -70.07246, 41.77294 ], [ -70.08299, 41.76896 ], [ -70.11462, 41.76103 ], [ -70.12958, 41.75504 ], [ -70.13074, 41.75354 ], [ -70.1307, 41.75155 ], [ -70.13307, 41.75178 ], [ -70.13281, 41.75063 ], [ -70.14419, 41.74681 ], [ -70.14511, 41.74481 ] ] ] ] } },
{ "type": "Feature", "properties": { "town_name": "Wilmington", "fill_color": "#009688" }, "geometry": { "type": "MultiPolygon", "coordinates": [ [ [ [ -71.21867, 42.56165 ], [ -71.20887, 42.55454 ], [ -71.21139, 42.55307 ], [ -71.20983, 42.55144 ], [ -71.21052, 42.54805 ], [ -71.21237, 42.54754 ], [ -71.20499, 42.54449 ], [ -71.17003, 42.51554 ], [ -71.13129, 42.53182 ], [ -71.13674, 42.55346 ], [ -71.13054, 42.58312 ], [ -71.13546, 42.59912 ], [ -71.1432, 42.60404 ], [ -71.14865, 42.61317 ], [ -71.15656, 42.61498 ], [ -71.16556, 42.59762 ], [ -71.1752, 42.59227 ], [ -71.19253, 42.56454 ], [ -71.21113, 42.57331 ], [ -71.21513, 42.57054 ], [ -71.21574, 42.56256 ], [ -71.21867, 42.56165 ] ] ] ] } },
{ "type": "Feature", "properties": { "town_name": "Littleton", "fill_color": "#009688" }, "geometry": { "type": "MultiPolygon", "coordinates": [ [ [ [ -71.54232, 42.55033 ], [ -71.53138, 42.52035 ], [ -71.51781, 42.51562 ], [ -71.51161, 42.50899 ], [ -71.50908, 42.51004 ], [ -71.50281, 42.50687 ], [ -71.50005, 42.50927 ], [ -71.47353, 42.50018 ], [ -71.44394, 42.50906 ], [ -71.42853, 42.5288 ], [ -71.48002, 42.55809 ], [ -71.48376, 42.57379 ], [ -71.49801, 42.57686 ], [ -71.50304, 42.57547 ], [ -71.51146, 42.56939 ], [ -71.52089, 42.56431 ], [ -71.52319, 42.55983 ], [ -71.53303, 42.55273 ], [ -71.54232, 42.55033 ] ] ] ] } },
{ "type": "Feature", "properties": { "town_name": "West Bridgewater", "fill_color": "transparent" }, "geometry": { "type": "MultiPolygon", "coordinates": [ [ [ [ -71.06959, 42.0497 ], [ -71.05418, 41.98272 ], [ -71.00272, 41.99805 ], [ -70.98097, 42.00675 ], [ -70.97879, 42.00739 ], [ -70.98716, 42.04657 ], [ -71.02292, 42.04218 ], [ -71.02571, 42.05479 ], [ -71.06959, 42.0497 ] ] ] ] } },
{ "type": "Feature", "properties": { "town_name": "Mashpee", "fill_color": "transparent" }, "geometry": { "type": "MultiPolygon", "coordinates": [ [ [ [ -70.53965, 41.63721 ], [ -70.53355, 41.62684 ], [ -70.5254, 41.5999 ], [ -70.498, 41.59379 ], [ -70.50544, 41.57973 ], [ -70.50609, 41.5779 ], [ -70.51366, 41.56813 ], [ -70.51518, 41.5684 ], [ -70.52881, 41.54685 ], [ -70.52233, 41.54896 ], [ -70.49324, 41.55204 ], [ -70.47626, 41.5585 ], [ -70.46128, 41.57182 ], [ -70.45069, 41.58499 ], [ -70.45036, 41.58759 ], [ -70.45301, 41.58634 ], [ -70.45859, 41.58867 ], [ -70.46498, 41.59674 ], [ -70.46105, 41.60636 ], [ -70.45042, 41.61674 ], [ -70.44901, 41.62124 ], [ -70.45306, 41.63491 ], [ -70.46568, 41.63309 ], [ -70.46758, 41.63427 ], [ -70.4663, 41.63708 ], [ -70.45848, 41.63747 ], [ -70.45256, 41.63875 ], [ -70.45309, 41.6418 ], [ -70.44651, 41.65034 ], [ -70.45874, 41.66404 ], [ -70.47111, 41.66596 ], [ -70.47537, 41.65975 ], [ -70.48055, 41.66102 ], [ -70.48217, 41.66597 ], [ -70.47492, 41.67846 ], [ -70.47555, 41.68242 ], [ -70.47822, 41.68511 ], [ -70.4972, 41.68348 ], [ -70.49677, 41.67809 ], [ -70.49385, 41.67683 ], [ -70.49524, 41.67148 ], [ -70.49746, 41.67112 ], [ -70.51132, 41.67608 ], [ -70.52317, 41.65044 ], [ -70.53965, 41.63721 ] ] ] ] } },
{ "type": "Feature", "properties": { "town_name": "Winchendon", "fill_color": "transparent" }, "geometry": { "type": "MultiPolygon", "coordinates": [ [ [ [ -72.11663, 42.62661 ], [ -72.07575, 42.62524 ], [ -72.05507, 42.60893 ], [ -72.04607, 42.60183 ], [ -72.03505, 42.60886 ], [ -71.98607, 42.63002 ], [ -71.98143, 42.71329 ], [ -72.11106, 42.71723 ], [ -72.11663, 42.62661 ] ] ] ] } },
{ "type": "Feature", "properties": { "town_name": "Kingston", "fill_color": "transparent" }, "geometry": { "type": "MultiPolygon", "coordinates": [ [ [ [ -70.80038, 42.0161 ], [ -70.78748, 41.97836 ], [ -70.76569, 41.96707 ], [ -70.75353, 41.93324 ], [ -70.72171, 41.95425 ], [ -70.69346, 41.98309 ], [ -70.69898, 41.9871 ], [ -70.70002, 41.99826 ], [ -70.70644, 42.00073 ], [ -70.71003, 41.99954 ], [ -70.71126, 42.0024 ], [ -70.72179, 42.00282 ], [ -70.72633, 42.01187 ], [ -70.73124, 42.01771 ], [ -70.77553, 42.02317 ], [ -70.79334, 42.021 ], [ -70.79672, 42.02059 ], [ -70.80038, 42.0161 ] ] ] ] } },
{ "type": "Feature", "properties": { "town_name": "Royalston", "fill_color": "transparent" }, "geometry": { "type": "MultiPolygon", "coordinates": [ [ [ [ -72.27196, 42.67467 ], [ -72.25854, 42.67542 ], [ -72.25732, 42.66794 ], [ -72.24349, 42.66925 ], [ -72.24211, 42.66164 ], [ -72.22948, 42.66267 ], [ -72.22493, 42.63894 ], [ -72.16747, 42.64652 ], [ -72.16437, 42.63261 ], [ -72.15835, 42.63321 ], [ -72.15665, 42.6236 ], [ -72.13895, 42.62395 ], [ -72.11663, 42.62661 ], [ -72.11106, 42.71723 ], [ -72.28303, 42.72156 ], [ -72.27196, 42.67467 ] ] ] ] } },
{ "type": "Feature", "properties": { "town_name": "Stoughton", "fill_color": "transparent" }, "geometry": { "type": "MultiPolygon", "coordinates": [ [ [ [ -71.14917, 42.13861 ], [ -71.14836, 42.12845 ], [ -71.1375, 42.11739 ], [ -71.13161, 42.1052 ], [ -71.13268, 42.09831 ], [ -71.13946, 42.08193 ], [ -71.13861, 42.07278 ], [ -71.06126, 42.10319 ], [ -71.06033, 42.10696 ], [ -71.07094, 42.13218 ], [ -71.06385, 42.14047 ], [ -71.05651, 42.15382 ], [ -71.06663, 42.16406 ], [ -71.09562, 42.14791 ], [ -71.13184, 42.13931 ], [ -71.1311, 42.1428 ], [ -71.13469, 42.14374 ], [ -71.13534, 42.14192 ], [ -71.13855, 42.14191 ], [ -71.14078, 42.13806 ], [ -71.14917, 42.13861 ] ] ] ] } },
{ "type": "Feature", "properties": { "town_name": "Malden", "fill_color": "transparent" }, "geometry": { "type": "MultiPolygon", "coordinates": [ [ [ [ -71.08564, 42.44469 ], [ -71.08864, 42.4248 ], [ -71.08428, 42.41656 ], [ -71.07586, 42.41327 ], [ -71.0732, 42.413 ], [ -71.07282, 42.41488 ], [ -71.05986, 42.41637 ], [ -71.05066, 42.42275 ], [ -71.02823, 42.4242 ], [ -71.02038, 42.43825 ], [ -71.02584, 42.44471 ], [ -71.08292, 42.43884 ], [ -71.08212, 42.44394 ], [ -71.08564, 42.44469 ] ] ] ] } },
{ "type": "Feature", "properties": { "town_name": "Melrose", "fill_color": "#009688" }, "geometry": { "type": "MultiPolygon", "coordinates": [ [ [ [ -71.08292, 42.43884 ], [ -71.04418, 42.44283 ], [ -71.02584, 42.44471 ], [ -71.05336, 42.47592 ], [ -71.06132, 42.4742 ], [ -71.06302, 42.47245 ], [ -71.0693, 42.47164 ], [ -71.07815, 42.47402 ], [ -71.08292, 42.43884 ] ] ] ] } },
{ "type": "Feature", "properties": { "town_name": "Milton", "fill_color": "#009688" }, "geometry": { "type": "MultiPolygon", "coordinates": [ [ [ [ -71.13066, 42.22782 ], [ -71.10296, 42.20071 ], [ -71.08831, 42.20236 ], [ -71.08735, 42.20395 ], [ -71.08273, 42.20429 ], [ -71.09319, 42.21394 ], [ -71.05325, 42.22953 ], [ -71.06109, 42.24238 ], [ -71.03139, 42.25921 ], [ -71.04167, 42.26643 ], [ -71.04278, 42.2771 ], [ -71.04488, 42.27627 ], [ -71.0498, 42.2781 ], [ -71.05328, 42.2775 ], [ -71.05557, 42.27505 ], [ -71.05384, 42.2717 ], [ -71.06219, 42.26716 ], [ -71.0651, 42.27066 ], [ -71.07649, 42.27051 ], [ -71.08276, 42.26863 ], [ -71.0894, 42.26969 ], [ -71.09026, 42.26664 ], [ -71.09391, 42.26714 ], [ -71.09748, 42.26309 ], [ -71.10406, 42.25986 ], [ -71.11146, 42.26077 ], [ -71.11239, 42.25812 ], [ -71.10954, 42.25541 ], [ -71.10935, 42.24799 ], [ -71.12567, 42.23953 ], [ -71.1226, 42.23451 ], [ -71.13066, 42.22782 ] ] ] ] } },
{ "type": "Feature", "properties": { "town_name": "Gosnold", "fill_color": "transparent" }, "geometry": { "type": "MultiPolygon", "coordinates": [ [ [ [ -70.8071, 41.45858 ], [ -70.8052, 41.45038 ], [ -70.8, 41.44617 ], [ -70.7904, 41.44653 ], [ -70.77631, 41.45766 ], [ -70.76788, 41.45768 ], [ -70.76643, 41.46053 ], [ -70.76113, 41.46111 ], [ -70.75566, 41.46715 ], [ -70.75719, 41.47069 ], [ -70.76099, 41.473 ], [ -70.7598, 41.47692 ], [ -70.75671, 41.47906 ], [ -70.7472, 41.47781 ], [ -70.73437, 41.48689 ], [ -70.71227, 41.49063 ], [ -70.70454, 41.49681 ], [ -70.70704, 41.50149 ], [ -70.69373, 41.50683 ], [ -70.68989, 41.50453 ], [ -70.67723, 41.50976 ], [ -70.67519, 41.51395 ], [ -70.67828, 41.51733 ], [ -70.68731, 41.51235 ], [ -70.69943, 41.51359 ], [ -70.70038, 41.51733 ], [ -70.69824, 41.52089 ], [ -70.70062, 41.52178 ], [ -70.70252, 41.51964 ], [ -70.71022, 41.51892 ], [ -70.71879, 41.51287 ], [ -70.73017, 41.50318 ], [ -70.7376, 41.50426 ], [ -70.74715, 41.49989 ], [ -70.7549, 41.49102 ], [ -70.76175, 41.48808 ], [ -70.76799, 41.48779 ], [ -70.77549, 41.4771 ], [ -70.78415, 41.47796 ], [ -70.78701, 41.47669 ], [ -70.78904, 41.47193 ], [ -70.79245, 41.46929 ], [ -70.80172, 41.46728 ], [ -70.80258, 41.45929 ], [ -70.8071, 41.45858 ] ] ], [ [ [ -70.84156, 41.44913 ], [ -70.83687, 41.44197 ], [ -70.83087, 41.44129 ], [ -70.82288, 41.44531 ], [ -70.81447, 41.44593 ], [ -70.81011, 41.44369 ], [ -70.80805, 41.44504 ], [ -70.80995, 41.44664 ], [ -70.80829, 41.44949 ], [ -70.82059, 41.45851 ], [ -70.82268, 41.45678 ], [ -70.83251, 41.45795 ], [ -70.8382, 41.45601 ], [ -70.84156, 41.44913 ] ] ], [ [ [ -70.9055, 41.42525 ], [ -70.90235, 41.42172 ], [ -70.88937, 41.42263 ], [ -70.88441, 41.4215 ], [ -70.87122, 41.42208 ], [ -70.85779, 41.426 ], [ -70.84856, 41.43284 ], [ -70.84917, 41.43541 ], [ -70.85582, 41.44058 ], [ -70.85464, 41.4486 ], [ -70.8571, 41.45025 ], [ -70.86367, 41.44254 ], [ -70.86802, 41.44235 ], [ -70.87252, 41.43936 ], [ -70.8803, 41.43797 ], [ -70.88221, 41.43256 ], [ -70.89457, 41.43274 ], [ -70.90101, 41.43445 ], [ -70.9055, 41.42525 ] ] ], [ [ [ -70.92578, 41.44958 ], [ -70.92119, 41.44539 ], [ -70.92033, 41.44889 ], [ -70.91517, 41.45103 ], [ -70.91535, 41.45248 ], [ -70.92352, 41.45437 ], [ -70.92578, 41.44958 ] ] ], [ [ [ -70.95095, 41.41188 ], [ -70.949, 41.40955 ], [ -70.93715, 41.41209 ], [ -70.92904, 41.41559 ], [ -70.92334, 41.42246 ], [ -70.91908, 41.42338 ], [ -70.91281, 41.42173 ], [ -70.90859, 41.42242 ], [ -70.91993, 41.42563 ], [ -70.92309, 41.43025 ], [ -70.92748, 41.43181 ], [ -70.93236, 41.42507 ], [ -70.93701, 41.42527 ], [ -70.9411, 41.42174 ], [ -70.94374, 41.41501 ], [ -70.94918, 41.41578 ], [ -70.95095, 41.41188 ] ] ] ] } },
{ "type": "Feature", "properties": { "town_name": "Plainville", "fill_color": "transparent" }, "geometry": { "type": "MultiPolygon", "coordinates": [ [ [ [ -71.38147, 41.98508 ], [ -71.36434, 41.98529 ], [ -71.28827, 42.01446 ], [ -71.28908, 42.04504 ], [ -71.3814, 42.0188 ], [ -71.38147, 41.98508 ] ] ] ] } },
{ "type": "Feature", "properties": { "town_name": "Hamilton", "fill_color": "#009688" }, "geometry": { "type": "MultiPolygon", "coordinates": [ [ [ [ -70.91991, 42.6251 ], [ -70.9179, 42.62384 ], [ -70.91893, 42.62277 ], [ -70.81454, 42.59342 ], [ -70.80083, 42.59534 ], [ -70.80089, 42.60201 ], [ -70.80946, 42.60735 ], [ -70.81859, 42.62175 ], [ -70.81863, 42.62488 ], [ -70.81185, 42.62532 ], [ -70.81308, 42.64053 ], [ -70.82185, 42.64233 ], [ -70.82409, 42.63416 ], [ -70.83405, 42.64023 ], [ -70.83251, 42.64016 ], [ -70.83095, 42.64611 ], [ -70.83288, 42.64869 ], [ -70.84657, 42.64671 ], [ -70.85, 42.64406 ], [ -70.85763, 42.64169 ], [ -70.86328, 42.64622 ], [ -70.85977, 42.65749 ], [ -70.8679, 42.65754 ], [ -70.87005, 42.65925 ], [ -70.87236, 42.65725 ], [ -70.87716, 42.65639 ], [ -70.87934, 42.65404 ], [ -70.88616, 42.65684 ], [ -70.88658, 42.65917 ], [ -70.90362, 42.65951 ], [ -70.90562, 42.6587 ], [ -70.90502, 42.65208 ], [ -70.90177, 42.65284 ], [ -70.89831, 42.6481 ], [ -70.90024, 42.64754 ], [ -70.89629, 42.64372 ], [ -70.89597, 42.63937 ], [ -70.90465, 42.63817 ], [ -70.907, 42.63468 ], [ -70.90405, 42.63253 ], [ -70.90891, 42.62963 ], [ -70.91139, 42.62994 ], [ -70.91608, 42.62848 ], [ -70.91991, 42.6251 ] ] ] ] } },
{ "type": "Feature", "properties": { "town_name": "Savoy", "fill_color": "transparent" }, "geometry": { "type": "MultiPolygon", "coordinates": [ [ [ [ -73.09514, 42.56158 ], [ -72.97904, 42.54162 ], [ -72.95104, 42.64101 ], [ -72.96296, 42.64146 ], [ -72.96703, 42.63723 ], [ -72.96781, 42.63289 ], [ -72.97375, 42.63477 ], [ -72.97508, 42.63235 ], [ -72.98204, 42.63804 ], [ -72.98499, 42.63855 ], [ -72.98736, 42.63661 ], [ -72.98638, 42.63468 ], [ -72.99793, 42.63399 ], [ -73.00118, 42.63565 ], [ -73.00105, 42.63837 ], [ -73.00875, 42.64112 ], [ -73.00999, 42.64572 ], [ -73.01165, 42.64566 ], [ -73.01158, 42.64722 ], [ -73.06364, 42.6498 ], [ -73.06752, 42.59404 ], [ -73.08432, 42.59476 ], [ -73.08049, 42.57362 ], [ -73.09514, 42.56158 ] ] ] ] } },
{ "type": "Feature", "properties": { "town_name": "Leyden", "fill_color": "transparent" }, "geometry": { "type": "MultiPolygon", "coordinates": [ [ [ [ -72.6721, 42.71939 ], [ -72.66993, 42.71685 ], [ -72.67041, 42.71308 ], [ -72.67453, 42.70831 ], [ -72.67071, 42.708 ], [ -72.66994, 42.70262 ], [ -72.66374, 42.69729 ], [ -72.66238, 42.69245 ], [ -72.65507, 42.68901 ], [ -72.65629, 42.68673 ], [ -72.6521, 42.68529 ], [ -72.65532, 42.68115 ], [ -72.64975, 42.67529 ], [ -72.64296, 42.67293 ], [ -72.64104, 42.67027 ], [ -72.63713, 42.66999 ], [ -72.63145, 42.66508 ], [ -72.63323, 42.661 ], [ -72.62537, 42.65778 ], [ -72.62461, 42.6514 ], [ -72.6216, 42.65098 ], [ -72.61955, 42.6486 ], [ -72.6209, 42.64687 ], [ -72.58579, 42.65091 ], [ -72.59349, 42.66483 ], [ -72.58934, 42.67354 ], [ -72.59862, 42.73074 ], [ -72.67468, 42.73285 ], [ -72.6721, 42.71939 ] ] ] ] } },
{ "type": "Feature", "properties": { "town_name": "Rowe", "fill_color": "transparent" }, "geometry": { "type": "MultiPolygon", "coordinates": [ [ [ [ -72.99554, 42.67316 ], [ -72.98553, 42.66594 ], [ -72.97521, 42.66082 ], [ -72.96876, 42.66425 ], [ -72.96395, 42.66429 ], [ -72.96044, 42.66739 ], [ -72.95472, 42.66562 ], [ -72.95557, 42.65451 ], [ -72.93329, 42.66715 ], [ -72.93042, 42.66736 ], [ -72.92948, 42.6691 ], [ -72.91464, 42.66938 ], [ -72.91371, 42.67246 ], [ -72.85766, 42.67397 ], [ -72.85958, 42.68309 ], [ -72.85403, 42.68321 ], [ -72.8643, 42.73776 ], [ -72.92719, 42.7391 ], [ -72.92774, 42.73252 ], [ -72.9343, 42.72589 ], [ -72.9384, 42.7239 ], [ -72.94173, 42.72009 ], [ -72.94516, 42.72122 ], [ -72.9523, 42.71987 ], [ -72.95333, 42.71676 ], [ -72.9487, 42.70363 ], [ -72.95388, 42.69816 ], [ -72.95165, 42.69395 ], [ -72.95435, 42.69028 ], [ -72.9638, 42.68749 ], [ -72.97352, 42.68881 ], [ -72.97749, 42.68591 ], [ -72.97583, 42.67942 ], [ -72.9889, 42.67866 ], [ -72.98925, 42.67423 ], [ -72.99466, 42.67432 ], [ -72.99554, 42.67316 ] ] ] ] } },
{ "type": "Feature", "properties": { "town_name": "New Braintree", "fill_color": "transparent" }, "geometry": { "type": "MultiPolygon", "coordinates": [ [ [ [ -72.21397, 42.29426 ], [ -72.16904, 42.29785 ], [ -72.17054, 42.29152 ], [ -72.16174, 42.29188 ], [ -72.16154, 42.28835 ], [ -72.14495, 42.29122 ], [ -72.14569, 42.27716 ], [ -72.13481, 42.28115 ], [ -72.12957, 42.29025 ], [ -72.11746, 42.30224 ], [ -72.04117, 42.3087 ], [ -72.12367, 42.36393 ], [ -72.12663, 42.35975 ], [ -72.13348, 42.35841 ], [ -72.13699, 42.35312 ], [ -72.13718, 42.348 ], [ -72.14042, 42.34795 ], [ -72.14022, 42.34481 ], [ -72.1445, 42.34421 ], [ -72.14915, 42.3453 ], [ -72.15252, 42.34548 ], [ -72.15832, 42.34324 ], [ -72.16171, 42.33713 ], [ -72.16389, 42.33547 ], [ -72.16239, 42.33389 ], [ -72.17231, 42.32594 ], [ -72.17211, 42.32274 ], [ -72.17685, 42.31926 ], [ -72.17717, 42.31639 ], [ -72.18522, 42.31035 ], [ -72.18558, 42.3078 ], [ -72.18379, 42.30675 ], [ -72.19068, 42.3046 ], [ -72.19423, 42.30612 ], [ -72.19403, 42.30921 ], [ -72.20039, 42.3114 ], [ -72.20718, 42.31152 ], [ -72.20499, 42.30624 ], [ -72.21397, 42.29426 ] ] ] ] } },
{ "type": "Feature", "properties": { "town_name": "Salisbury", "fill_color": "transparent" }, "geometry": { "type": "MultiPolygon", "coordinates": [ [ [ [ -70.9146, 42.88656 ], [ -70.90004, 42.84676 ], [ -70.9042, 42.83389 ], [ -70.89453, 42.83087 ], [ -70.89007, 42.82631 ], [ -70.8775, 42.81979 ], [ -70.87099, 42.81456 ], [ -70.8499, 42.81229 ], [ -70.82788, 42.81616 ], [ -70.81989, 42.8196 ], [ -70.81055, 42.81878 ], [ -70.81773, 42.85061 ], [ -70.8173, 42.87229 ], [ -70.83079, 42.86892 ], [ -70.83738, 42.865 ], [ -70.84886, 42.86107 ], [ -70.88614, 42.88261 ], [ -70.90277, 42.88653 ], [ -70.9146, 42.88656 ] ] ] ] } },
{ "type": "Feature", "properties": { "town_name": "Watertown Town", "fill_color": "#AB47BC" }, "geometry": { "type": "MultiPolygon", "coordinates": [ [ [ [ -71.21634, 42.36585 ], [ -71.20722, 42.36414 ], [ -71.19521, 42.36773 ], [ -71.19221, 42.36542 ], [ -71.1963, 42.3618 ], [ -71.18368, 42.35883 ], [ -71.18237, 42.36041 ], [ -71.17275, 42.35933 ], [ -71.16865, 42.36021 ], [ -71.16151, 42.35897 ], [ -71.14717, 42.36175 ], [ -71.1406, 42.37002 ], [ -71.13999, 42.37357 ], [ -71.14392, 42.37407 ], [ -71.14383, 42.37528 ], [ -71.15541, 42.37516 ], [ -71.18516, 42.38039 ], [ -71.19022, 42.38179 ], [ -71.19418, 42.38603 ], [ -71.21634, 42.36585 ] ] ] ] } },
{ "type": "Feature", "properties": { "town_name": "Ludlow", "fill_color": "transparent" }, "geometry": { "type": "MultiPolygon", "coordinates": [ [ [ [ -72.52429, 42.21873 ], [ -72.51391, 42.17443 ], [ -72.51874, 42.17389 ], [ -72.51598, 42.16082 ], [ -72.51053, 42.16054 ], [ -72.50449, 42.16221 ], [ -72.48977, 42.16206 ], [ -72.48946, 42.15904 ], [ -72.48663, 42.15951 ], [ -72.4881, 42.15796 ], [ -72.47823, 42.1534 ], [ -72.46361, 42.15305 ], [ -72.45326, 42.15501 ], [ -72.44659, 42.15356 ], [ -72.43704, 42.15653 ], [ -72.43068, 42.15552 ], [ -72.41964, 42.15707 ], [ -72.4135, 42.15305 ], [ -72.40953, 42.1538 ], [ -72.41108, 42.16866 ], [ -72.41031, 42.17421 ], [ -72.41238, 42.17524 ], [ -72.40104, 42.1815 ], [ -72.39525, 42.18482 ], [ -72.40395, 42.23185 ], [ -72.52429, 42.21873 ] ] ] ] } },
{ "type": "Feature", "properties": { "town_name": "Leominster", "fill_color": "transparent" }, "geometry": { "type": "MultiPolygon", "coordinates": [ [ [ [ -71.84233, 42.51263 ], [ -71.82232, 42.50427 ], [ -71.83002, 42.49219 ], [ -71.72839, 42.47513 ], [ -71.71674, 42.51897 ], [ -71.71217, 42.5216 ], [ -71.70224, 42.5339 ], [ -71.71123, 42.53535 ], [ -71.72042, 42.55233 ], [ -71.74507, 42.57386 ], [ -71.76295, 42.56392 ], [ -71.7541, 42.55946 ], [ -71.74777, 42.54994 ], [ -71.74987, 42.54976 ], [ -71.74968, 42.5452 ], [ -71.75777, 42.54857 ], [ -71.75983, 42.54782 ], [ -71.76428, 42.55502 ], [ -71.77134, 42.55925 ], [ -71.78602, 42.55105 ], [ -71.79758, 42.55262 ], [ -71.80655, 42.54747 ], [ -71.82233, 42.54666 ], [ -71.83283, 42.549 ], [ -71.83712, 42.54855 ], [ -71.83781, 42.54378 ], [ -71.84233, 42.51263 ] ] ] ] } },
{ "type": "Feature", "properties": { "town_name": "Danvers", "fill_color": "transparent" }, "geometry": { "type": "MultiPolygon", "coordinates": [ [ [ [ -71.00281, 42.56336 ], [ -70.96312, 42.55196 ], [ -70.94096, 42.5461 ], [ -70.93665, 42.5471 ], [ -70.90929, 42.54057 ], [ -70.9084, 42.54556 ], [ -70.91239, 42.5467 ], [ -70.90859, 42.55759 ], [ -70.90838, 42.57305 ], [ -70.92234, 42.59151 ], [ -70.9275, 42.59223 ], [ -70.93386, 42.59958 ], [ -70.92945, 42.60898 ], [ -70.93242, 42.61324 ], [ -70.95838, 42.60318 ], [ -70.97437, 42.59454 ], [ -70.98606, 42.59183 ], [ -70.98558, 42.58989 ], [ -70.99165, 42.58645 ], [ -70.9913, 42.5814 ], [ -70.98984, 42.58097 ], [ -70.99447, 42.57238 ], [ -70.99677, 42.57128 ], [ -70.99783, 42.56708 ], [ -71.00196, 42.56561 ], [ -71.00281, 42.56336 ] ] ] ] } },
{ "type": "Feature", "properties": { "town_name": "Holliston", "fill_color": "#009688" }, "geometry": { "type": "MultiPolygon", "coordinates": [ [ [ [ -71.49738, 42.16664 ], [ -71.47803, 42.16587 ], [ -71.47812, 42.15678 ], [ -71.46401, 42.1582 ], [ -71.44407, 42.17489 ], [ -71.43017, 42.17939 ], [ -71.42373, 42.17925 ], [ -71.42355, 42.17813 ], [ -71.4023, 42.17879 ], [ -71.40443, 42.18843 ], [ -71.38477, 42.19201 ], [ -71.38018, 42.20176 ], [ -71.38821, 42.2043 ], [ -71.38961, 42.20861 ], [ -71.39171, 42.20974 ], [ -71.39392, 42.20709 ], [ -71.39722, 42.20806 ], [ -71.3986, 42.21121 ], [ -71.40371, 42.21486 ], [ -71.40195, 42.21542 ], [ -71.41009, 42.21982 ], [ -71.40863, 42.22172 ], [ -71.41006, 42.2264 ], [ -71.41304, 42.22964 ], [ -71.41355, 42.23481 ], [ -71.41744, 42.23796 ], [ -71.46711, 42.23077 ], [ -71.46027, 42.21625 ], [ -71.50263, 42.19142 ], [ -71.49738, 42.16664 ] ] ] ] } },
{ "type": "Feature", "properties": { "town_name": "Gill", "fill_color": "transparent" }, "geometry": { "type": "MultiPolygon", "coordinates": [ [ [ [ -72.55271, 42.61106 ], [ -72.54543, 42.60354 ], [ -72.54423, 42.59716 ], [ -72.53907, 42.59678 ], [ -72.52059, 42.6045 ], [ -72.50563, 42.60303 ], [ -72.503, 42.59849 ], [ -72.50009, 42.59677 ], [ -72.49643, 42.59802 ], [ -72.48858, 42.60777 ], [ -72.48197, 42.61142 ], [ -72.48032, 42.6191 ], [ -72.48936, 42.63363 ], [ -72.48605, 42.63913 ], [ -72.46655, 42.6525 ], [ -72.46536, 42.65678 ], [ -72.47148, 42.66437 ], [ -72.47181, 42.6701 ], [ -72.47579, 42.67068 ], [ -72.4825, 42.6781 ], [ -72.48505, 42.67746 ], [ -72.48649, 42.67326 ], [ -72.48938, 42.67403 ], [ -72.49011, 42.68 ], [ -72.4962, 42.67861 ], [ -72.4895, 42.66239 ], [ -72.54078, 42.65566 ], [ -72.54076, 42.64502 ], [ -72.54575, 42.6444 ], [ -72.54913, 42.64122 ], [ -72.54683, 42.63545 ], [ -72.55136, 42.63033 ], [ -72.5517, 42.62701 ], [ -72.54892, 42.62553 ], [ -72.54925, 42.61755 ], [ -72.55225, 42.615 ], [ -72.55271, 42.61106 ] ] ] ] } },
{ "type": "Feature", "properties": { "town_name": "Berkley", "fill_color": "#AB47BC" }, "geometry": { "type": "MultiPolygon", "coordinates": [ [ [ [ -71.11961, 41.79097 ], [ -71.11449, 41.7788 ], [ -71.10308, 41.78959 ], [ -71.1016, 41.79356 ], [ -71.09594, 41.79704 ], [ -71.09544, 41.79917 ], [ -71.08772, 41.80249 ], [ -71.08647, 41.80479 ], [ -71.08871, 41.80912 ], [ -71.09283, 41.80847 ], [ -71.09315, 41.81285 ], [ -71.08846, 41.81779 ], [ -71.03657, 41.81653 ], [ -71.00745, 41.83848 ], [ -71.07219, 41.86968 ], [ -71.07645, 41.87297 ], [ -71.09974, 41.87243 ], [ -71.10287, 41.87152 ], [ -71.10428, 41.86086 ], [ -71.10684, 41.85978 ], [ -71.10782, 41.85324 ], [ -71.11284, 41.84868 ], [ -71.10843, 41.83502 ], [ -71.10952, 41.8317 ], [ -71.11458, 41.82975 ], [ -71.1177, 41.82494 ], [ -71.11236, 41.81358 ], [ -71.11886, 41.80719 ], [ -71.11755, 41.79975 ], [ -71.11961, 41.79097 ] ] ] ] } },
{ "type": "Feature", "properties": { "town_name": "Waltham", "fill_color": "transparent" }, "geometry": { "type": "MultiPolygon", "coordinates": [ [ [ [ -71.28603, 42.4041 ], [ -71.2812, 42.40269 ], [ -71.28283, 42.39973 ], [ -71.27958, 42.39875 ], [ -71.27617, 42.39292 ], [ -71.26776, 42.39014 ], [ -71.27652, 42.37496 ], [ -71.27362, 42.37374 ], [ -71.27022, 42.36827 ], [ -71.27354, 42.36551 ], [ -71.26952, 42.36284 ], [ -71.26431, 42.35485 ], [ -71.26038, 42.35363 ], [ -71.25646, 42.35491 ], [ -71.25476, 42.35423 ], [ -71.24308, 42.35887 ], [ -71.21719, 42.36653 ], [ -71.20535, 42.37653 ], [ -71.19418, 42.38603 ], [ -71.19794, 42.39278 ], [ -71.19663, 42.39523 ], [ -71.20263, 42.4037 ], [ -71.26723, 42.42444 ], [ -71.27442, 42.40988 ], [ -71.28142, 42.41218 ], [ -71.28603, 42.4041 ] ] ] ] } },
{ "type": "Feature", "properties": { "town_name": "Arlington", "fill_color": "#009688" }, "geometry": { "type": "MultiPolygon", "coordinates": [ [ [ [ -71.20261, 42.41483 ], [ -71.19426, 42.41339 ], [ -71.19452, 42.41494 ], [ -71.15639, 42.40253 ], [ -71.1428, 42.39788 ], [ -71.13492, 42.40256 ], [ -71.13289, 42.41197 ], [ -71.13244, 42.41522 ], [ -71.14008, 42.41643 ], [ -71.14276, 42.42193 ], [ -71.14678, 42.42526 ], [ -71.14989, 42.43584 ], [ -71.17371, 42.43614 ], [ -71.18228, 42.43628 ], [ -71.20261, 42.41483 ] ] ] ] } },
{ "type": "Feature", "properties": { "town_name": "Charlemont", "fill_color": "transparent" }, "geometry": { "type": "MultiPolygon", "coordinates": [ [ [ [ -72.95557, 42.65451 ], [ -72.95265, 42.65085 ], [ -72.9511, 42.64136 ], [ -72.9546, 42.62865 ], [ -72.92966, 42.62371 ], [ -72.83342, 42.61118 ], [ -72.83176, 42.61657 ], [ -72.81999, 42.61833 ], [ -72.81105, 42.61693 ], [ -72.79742, 42.61773 ], [ -72.78354, 42.6213 ], [ -72.75961, 42.61982 ], [ -72.75447, 42.62097 ], [ -72.75014, 42.61823 ], [ -72.74541, 42.61953 ], [ -72.74699, 42.62294 ], [ -72.74395, 42.62682 ], [ -72.73689, 42.62702 ], [ -72.73511, 42.63311 ], [ -72.76609, 42.62926 ], [ -72.77265, 42.65833 ], [ -72.82151, 42.63688 ], [ -72.83571, 42.63507 ], [ -72.8362, 42.63779 ], [ -72.84279, 42.6381 ], [ -72.84227, 42.64661 ], [ -72.85098, 42.64713 ], [ -72.85766, 42.67397 ], [ -72.91371, 42.67246 ], [ -72.91464, 42.66938 ], [ -72.92948, 42.6691 ], [ -72.93042, 42.66736 ], [ -72.93676, 42.66485 ], [ -72.95557, 42.65451 ] ] ] ] } },
{ "type": "Feature", "properties": { "town_name": "Northampton", "fill_color": "#009688" }, "geometry": { "type": "MultiPolygon", "coordinates": [ [ [ [ -72.74122, 42.36273 ], [ -72.73673, 42.28424 ], [ -72.67209, 42.29189 ], [ -72.67203, 42.29019 ], [ -72.65604, 42.28988 ], [ -72.64877, 42.29182 ], [ -72.64214, 42.28818 ], [ -72.64068, 42.28414 ], [ -72.63744, 42.28741 ], [ -72.63405, 42.28517 ], [ -72.62929, 42.28515 ], [ -72.61975, 42.29 ], [ -72.6147, 42.2902 ], [ -72.61129, 42.29581 ], [ -72.59923, 42.30785 ], [ -72.59272, 42.31703 ], [ -72.58661, 42.31873 ], [ -72.58438, 42.32394 ], [ -72.58746, 42.32712 ], [ -72.60823, 42.33145 ], [ -72.61849, 42.33716 ], [ -72.62079, 42.34185 ], [ -72.63369, 42.34448 ], [ -72.63802, 42.34419 ], [ -72.63891, 42.34703 ], [ -72.63394, 42.35116 ], [ -72.64034, 42.37524 ], [ -72.74122, 42.36273 ] ] ] ] } },
{ "type": "Feature", "properties": { "town_name": "Chelmsford", "fill_color": "#009688" }, "geometry": { "type": "MultiPolygon", "coordinates": [ [ [ [ -71.41764, 42.65377 ], [ -71.38836, 42.54995 ], [ -71.36775, 42.55819 ], [ -71.3463, 42.56366 ], [ -71.33254, 42.56076 ], [ -71.29426, 42.60557 ], [ -71.29637, 42.61468 ], [ -71.31931, 42.61357 ], [ -71.3199, 42.6069 ], [ -71.32381, 42.60757 ], [ -71.32565, 42.61316 ], [ -71.35994, 42.62597 ], [ -71.36474, 42.6376 ], [ -71.37425, 42.63942 ], [ -71.38092, 42.64901 ], [ -71.39434, 42.64847 ], [ -71.39899, 42.65247 ], [ -71.40203, 42.6511 ], [ -71.39832, 42.64549 ], [ -71.40278, 42.64677 ], [ -71.40403, 42.64841 ], [ -71.41198, 42.64797 ], [ -71.41764, 42.65377 ] ] ] ] } },
{ "type": "Feature", "properties": { "town_name": "Hadley", "fill_color": "transparent" }, "geometry": { "type": "MultiPolygon", "coordinates": [ [ [ [ -72.63891, 42.34703 ], [ -72.63802, 42.34419 ], [ -72.62456, 42.34334 ], [ -72.6195, 42.34013 ], [ -72.61771, 42.33647 ], [ -72.60341, 42.32968 ], [ -72.58579, 42.32603 ], [ -72.58424, 42.32137 ], [ -72.58832, 42.31795 ], [ -72.59369, 42.31648 ], [ -72.59923, 42.30785 ], [ -72.6137, 42.29239 ], [ -72.61314, 42.28627 ], [ -72.60995, 42.28522 ], [ -72.60212, 42.28804 ], [ -72.58796, 42.30036 ], [ -72.56931, 42.30449 ], [ -72.54466, 42.30568 ], [ -72.5399, 42.30413 ], [ -72.53515, 42.30425 ], [ -72.53799, 42.32011 ], [ -72.5409, 42.31964 ], [ -72.53159, 42.4015 ], [ -72.54678, 42.40009 ], [ -72.5442, 42.42715 ], [ -72.58114, 42.42258 ], [ -72.57477, 42.40509 ], [ -72.57667, 42.39854 ], [ -72.58129, 42.39744 ], [ -72.58471, 42.399 ], [ -72.58889, 42.39867 ], [ -72.59024, 42.39592 ], [ -72.58639, 42.3889 ], [ -72.59181, 42.37404 ], [ -72.58759, 42.3583 ], [ -72.59137, 42.35236 ], [ -72.60298, 42.34953 ], [ -72.62786, 42.35175 ], [ -72.63394, 42.35116 ], [ -72.63891, 42.34703 ] ] ] ] } },
{ "type": "Feature", "properties": { "town_name": "Marshfield", "fill_color": "#AB47BC" }, "geometry": { "type": "MultiPolygon", "coordinates": [ [ [ [ -70.78778, 42.14495 ], [ -70.78292, 42.14169 ], [ -70.783, 42.13927 ], [ -70.78062, 42.13716 ], [ -70.77987, 42.13235 ], [ -70.78185, 42.13125 ], [ -70.78124, 42.12964 ], [ -70.77924, 42.12963 ], [ -70.7779, 42.12492 ], [ -70.7793, 42.12148 ], [ -70.77756, 42.12082 ], [ -70.77712, 42.11675 ], [ -70.77509, 42.11533 ], [ -70.77728, 42.11341 ], [ -70.76655, 42.11403 ], [ -70.76572, 42.10984 ], [ -70.75947, 42.1096 ], [ -70.7623, 42.10337 ], [ -70.69844, 42.0705 ], [ -70.69586, 42.06667 ], [ -70.68276, 42.05747 ], [ -70.648, 42.07244 ], [ -70.64735, 42.07633 ], [ -70.63848, 42.08158 ], [ -70.64017, 42.08863 ], [ -70.66393, 42.10834 ], [ -70.67946, 42.12627 ], [ -70.68297, 42.12525 ], [ -70.68831, 42.13297 ], [ -70.69316, 42.13772 ], [ -70.70134, 42.14528 ], [ -70.70209, 42.15107 ], [ -70.7089, 42.15227 ], [ -70.71328, 42.1612 ], [ -70.71968, 42.16487 ], [ -70.73015, 42.16445 ], [ -70.73295, 42.16068 ], [ -70.73706, 42.16249 ], [ -70.74558, 42.16162 ], [ -70.74903, 42.16498 ], [ -70.75432, 42.16299 ], [ -70.75539, 42.1594 ], [ -70.76019, 42.15925 ], [ -70.76181, 42.15695 ], [ -70.76465, 42.15879 ], [ -70.76837, 42.15413 ], [ -70.78196, 42.15639 ], [ -70.78352, 42.14999 ], [ -70.78531, 42.14978 ], [ -70.78778, 42.14495 ] ] ] ] } },
{ "type": "Feature", "properties": { "town_name": "Falmouth", "fill_color": "transparent" }, "geometry": { "type": "MultiPolygon", "coordinates": [ [ [ [ -70.68778, 41.52418 ], [ -70.68541, 41.52133 ], [ -70.67851, 41.52151 ], [ -70.67305, 41.52365 ], [ -70.6683, 41.51795 ], [ -70.66283, 41.51795 ], [ -70.65662, 41.51478 ], [ -70.65401, 41.51591 ], [ -70.6541, 41.51902 ], [ -70.64121, 41.53378 ], [ -70.63361, 41.53825 ], [ -70.60783, 41.54267 ], [ -70.60184, 41.54208 ], [ -70.59381, 41.5451 ], [ -70.58055, 41.54424 ], [ -70.57048, 41.54721 ], [ -70.54792, 41.55115 ], [ -70.53882, 41.55126 ], [ -70.52881, 41.54685 ], [ -70.51518, 41.5684 ], [ -70.51248, 41.56855 ], [ -70.50472, 41.57845 ], [ -70.49948, 41.59106 ], [ -70.498, 41.59379 ], [ -70.5254, 41.5999 ], [ -70.53355, 41.62684 ], [ -70.53965, 41.63721 ], [ -70.61467, 41.65828 ], [ -70.62053, 41.65727 ], [ -70.62385, 41.65626 ], [ -70.62609, 41.65268 ], [ -70.63373, 41.64893 ], [ -70.64048, 41.64891 ], [ -70.648, 41.64641 ], [ -70.65072, 41.64613 ], [ -70.65044, 41.64166 ], [ -70.65327, 41.63898 ], [ -70.65261, 41.63783 ], [ -70.64487, 41.64022 ], [ -70.64205, 41.63557 ], [ -70.64627, 41.63541 ], [ -70.64, 41.62462 ], [ -70.64613, 41.61972 ], [ -70.64685, 41.6135 ], [ -70.65199, 41.61018 ], [ -70.65245, 41.60521 ], [ -70.64231, 41.58364 ], [ -70.64156, 41.57564 ], [ -70.64275, 41.57238 ], [ -70.64878, 41.56987 ], [ -70.64928, 41.56581 ], [ -70.6539, 41.56516 ], [ -70.65537, 41.5575 ], [ -70.6543, 41.54993 ], [ -70.65866, 41.54339 ], [ -70.66651, 41.53996 ], [ -70.66855, 41.53646 ], [ -70.66806, 41.5329 ], [ -70.67687, 41.52929 ], [ -70.68327, 41.5329 ], [ -70.68698, 41.52949 ], [ -70.68778, 41.52418 ] ] ] ] } },
{ "type": "Feature", "properties": { "town_name": "Carver", "fill_color": "transparent" }, "geometry": { "type": "MultiPolygon", "coordinates": [ [ [ [ -70.82983, 41.9277 ], [ -70.8155, 41.91363 ], [ -70.80248, 41.8753 ], [ -70.81178, 41.87359 ], [ -70.80918, 41.86869 ], [ -70.799, 41.86118 ], [ -70.7972, 41.86125 ], [ -70.79393, 41.85727 ], [ -70.79447, 41.84922 ], [ -70.7898, 41.84445 ], [ -70.79084, 41.84345 ], [ -70.78789, 41.83947 ], [ -70.78971, 41.83797 ], [ -70.78456, 41.83374 ], [ -70.77994, 41.83355 ], [ -70.77903, 41.83164 ], [ -70.77234, 41.83177 ], [ -70.77026, 41.82578 ], [ -70.74087, 41.80033 ], [ -70.71754, 41.80151 ], [ -70.71716, 41.81002 ], [ -70.7137, 41.81878 ], [ -70.70855, 41.82393 ], [ -70.70636, 41.82906 ], [ -70.70071, 41.82871 ], [ -70.69755, 41.83033 ], [ -70.69373, 41.83626 ], [ -70.68983, 41.83823 ], [ -70.68379, 41.8448 ], [ -70.68114, 41.84553 ], [ -70.75115, 41.92714 ], [ -70.75869, 41.94751 ], [ -70.77172, 41.94615 ], [ -70.82983, 41.9277 ] ] ] ] } },
{ "type": "Feature", "properties": { "town_name": "Boxford", "fill_color": "#009688" }, "geometry": { "type": "MultiPolygon", "coordinates": [ [ [ [ -71.10863, 42.73528 ], [ -71.09646, 42.7241 ], [ -71.09367, 42.72674 ], [ -71.09175, 42.72427 ], [ -71.09531, 42.72206 ], [ -71.09175, 42.71812 ], [ -71.09059, 42.7187 ], [ -71.04052, 42.67269 ], [ -71.02231, 42.64164 ], [ -70.98594, 42.62204 ], [ -70.97607, 42.6211 ], [ -70.97667, 42.62232 ], [ -70.96822, 42.62625 ], [ -70.9723, 42.62902 ], [ -70.9748, 42.63475 ], [ -70.9735, 42.63658 ], [ -70.97637, 42.64071 ], [ -70.96036, 42.64908 ], [ -70.96898, 42.6732 ], [ -70.96534, 42.67187 ], [ -70.96446, 42.67482 ], [ -70.94859, 42.68067 ], [ -70.97637, 42.69442 ], [ -70.99161, 42.69947 ], [ -70.99193, 42.70076 ], [ -70.99577, 42.69962 ], [ -71.00486, 42.70136 ], [ -71.02363, 42.70159 ], [ -71.03162, 42.71804 ], [ -71.05888, 42.73246 ], [ -71.07211, 42.73267 ], [ -71.08191, 42.73669 ], [ -71.09247, 42.737 ], [ -71.09783, 42.73522 ], [ -71.10863, 42.73528 ] ] ] ] } },
{ "type": "Feature", "properties": { "town_name": "Bridgewater Town", "fill_color": "transparent" }, "geometry": { "type": "MultiPolygon", "coordinates": [ [ [ [ -71.05418, 41.98272 ], [ -71.04948, 41.96309 ], [ -71.01057, 41.94008 ], [ -70.99977, 41.92967 ], [ -70.99752, 41.93424 ], [ -70.98955, 41.93201 ], [ -70.98726, 41.93748 ], [ -70.97922, 41.94045 ], [ -70.96852, 41.93851 ], [ -70.95629, 41.93398 ], [ -70.94829, 41.93418 ], [ -70.94595, 41.93283 ], [ -70.93667, 41.94545 ], [ -70.93393, 41.95703 ], [ -70.92824, 41.96018 ], [ -70.92378, 41.95902 ], [ -70.92038, 41.96313 ], [ -70.91355, 41.96131 ], [ -70.91481, 41.96214 ], [ -70.90985, 41.96418 ], [ -70.91083, 41.96601 ], [ -70.90729, 41.96747 ], [ -70.90862, 41.97424 ], [ -70.91223, 41.97845 ], [ -70.91148, 41.98023 ], [ -70.9014, 41.98298 ], [ -70.89919, 41.99632 ], [ -70.91306, 41.99708 ], [ -70.91755, 42.00243 ], [ -70.91863, 42.00596 ], [ -70.92602, 42.00894 ], [ -70.95398, 42.00591 ], [ -70.97959, 42.011 ], [ -70.97879, 42.00739 ], [ -70.99061, 42.00391 ], [ -71.00272, 41.99805 ], [ -71.05418, 41.98272 ] ] ] ] } },
{ "type": "Feature", "properties": { "town_name": "Fairhaven", "fill_color": "transparent" }, "geometry": { "type": "MultiPolygon", "coordinates": [ [ [ [ -70.83845, 41.59646 ], [ -70.82955, 41.5846 ], [ -70.82207, 41.58355 ], [ -70.82178, 41.58706 ], [ -70.81844, 41.59084 ], [ -70.82351, 41.59175 ], [ -70.82553, 41.59634 ], [ -70.82404, 41.59955 ], [ -70.83, 41.60454 ], [ -70.83276, 41.60151 ], [ -70.83573, 41.60235 ], [ -70.83845, 41.59646 ] ] ], [ [ [ -70.91998, 41.6492 ], [ -70.91698, 41.6447 ], [ -70.91188, 41.64421 ], [ -70.91038, 41.63981 ], [ -70.91388, 41.6375 ], [ -70.91028, 41.632 ], [ -70.90758, 41.6305 ], [ -70.90597, 41.6238 ], [ -70.89544, 41.6242 ], [ -70.8909, 41.62855 ], [ -70.88876, 41.63282 ], [ -70.87266, 41.62782 ], [ -70.86836, 41.62266 ], [ -70.86874, 41.61436 ], [ -70.86295, 41.60385 ], [ -70.86366, 41.59759 ], [ -70.86024, 41.59463 ], [ -70.85672, 41.58371 ], [ -70.85318, 41.58297 ], [ -70.85324, 41.5881 ], [ -70.85087, 41.59337 ], [ -70.84741, 41.5954 ], [ -70.84427, 41.59505 ], [ -70.84323, 41.59656 ], [ -70.84798, 41.60296 ], [ -70.84964, 41.61025 ], [ -70.85443, 41.61601 ], [ -70.85513, 41.62183 ], [ -70.85965, 41.62412 ], [ -70.84417, 41.62898 ], [ -70.84524, 41.64466 ], [ -70.85821, 41.68117 ], [ -70.88964, 41.6685 ], [ -70.91718, 41.6636 ], [ -70.91781, 41.65469 ], [ -70.91998, 41.6492 ] ] ] ] } },
{ "type": "Feature", "properties": { "town_name": "Sherborn", "fill_color": "#009688" }, "geometry": { "type": "MultiPolygon", "coordinates": [ [ [ [ -71.42007, 42.23812 ], [ -71.41649, 42.23668 ], [ -71.41355, 42.23481 ], [ -71.41234, 42.22789 ], [ -71.40968, 42.22401 ], [ -71.40863, 42.22172 ], [ -71.40928, 42.21861 ], [ -71.40195, 42.21542 ], [ -71.40371, 42.21486 ], [ -71.39734, 42.20989 ], [ -71.39722, 42.20806 ], [ -71.39392, 42.20709 ], [ -71.39171, 42.20974 ], [ -71.38849, 42.20801 ], [ -71.38821, 42.2043 ], [ -71.38018, 42.20176 ], [ -71.38477, 42.19201 ], [ -71.36199, 42.19576 ], [ -71.34417, 42.2007 ], [ -71.34654, 42.20464 ], [ -71.35216, 42.20737 ], [ -71.34998, 42.21395 ], [ -71.34681, 42.21559 ], [ -71.33995, 42.21387 ], [ -71.33862, 42.21689 ], [ -71.34317, 42.22061 ], [ -71.33675, 42.22749 ], [ -71.3297, 42.23333 ], [ -71.33078, 42.24105 ], [ -71.32944, 42.2453 ], [ -71.33243, 42.24773 ], [ -71.34246, 42.25045 ], [ -71.34178, 42.25354 ], [ -71.35394, 42.25706 ], [ -71.35711, 42.26159 ], [ -71.35661, 42.26303 ], [ -71.3869, 42.2713 ], [ -71.39037, 42.27192 ], [ -71.39777, 42.26153 ], [ -71.4193, 42.25728 ], [ -71.4183, 42.2465 ], [ -71.42007, 42.23812 ] ] ] ] } },
{ "type": "Feature", "properties": { "town_name": "Cummington", "fill_color": "transparent" }, "geometry": { "type": "MultiPolygon", "coordinates": [ [ [ [ -72.99264, 42.44909 ], [ -72.88081, 42.43301 ], [ -72.8479, 42.43649 ], [ -72.85563, 42.48092 ], [ -72.87114, 42.48404 ], [ -72.88226, 42.48069 ], [ -72.97928, 42.49786 ], [ -72.98647, 42.46671 ], [ -72.98813, 42.46695 ], [ -72.99264, 42.44909 ] ] ] ] } },
{ "type": "Feature", "properties": { "town_name": "Medford", "fill_color": "#AB47BC" }, "geometry": { "type": "MultiPolygon", "coordinates": [ [ [ [ -71.14989, 42.43584 ], [ -71.146, 42.42374 ], [ -71.14292, 42.42058 ], [ -71.13836, 42.41549 ], [ -71.13244, 42.41522 ], [ -71.12675, 42.41815 ], [ -71.12992, 42.41333 ], [ -71.12704, 42.41233 ], [ -71.12787, 42.41058 ], [ -71.12336, 42.40919 ], [ -71.12167, 42.40709 ], [ -71.11554, 42.40514 ], [ -71.11387, 42.40099 ], [ -71.10039, 42.39622 ], [ -71.09553, 42.40011 ], [ -71.09388, 42.39963 ], [ -71.08342, 42.40001 ], [ -71.076, 42.3964 ], [ -71.07599, 42.39971 ], [ -71.0713, 42.40692 ], [ -71.07355, 42.40939 ], [ -71.07199, 42.41188 ], [ -71.08592, 42.41802 ], [ -71.08906, 42.42911 ], [ -71.08564, 42.44469 ], [ -71.1194, 42.45344 ], [ -71.124, 42.44383 ], [ -71.12198, 42.43979 ], [ -71.12715, 42.43889 ], [ -71.12977, 42.43556 ], [ -71.14989, 42.43584 ] ] ] ] } },
{ "type": "Feature", "properties": { "town_name": "Westminster", "fill_color": "transparent" }, "geometry": { "type": "MultiPolygon", "coordinates": [ [ [ [ -71.97969, 42.53231 ], [ -71.90965, 42.48449 ], [ -71.86453, 42.51693 ], [ -71.86104, 42.51637 ], [ -71.85684, 42.51908 ], [ -71.8494, 42.5179 ], [ -71.84737, 42.5147 ], [ -71.842, 42.51468 ], [ -71.83781, 42.54378 ], [ -71.86295, 42.5447 ], [ -71.86251, 42.55247 ], [ -71.85559, 42.55205 ], [ -71.85513, 42.55829 ], [ -71.86234, 42.55805 ], [ -71.85866, 42.62903 ], [ -71.88203, 42.61991 ], [ -71.8806, 42.61734 ], [ -71.88363, 42.61635 ], [ -71.88305, 42.61534 ], [ -71.89214, 42.61247 ], [ -71.8929, 42.61378 ], [ -71.89597, 42.61276 ], [ -71.89529, 42.6116 ], [ -71.91066, 42.6067 ], [ -71.91293, 42.60777 ], [ -71.92802, 42.60201 ], [ -71.9235, 42.59541 ], [ -71.95181, 42.56031 ], [ -71.96392, 42.54943 ], [ -71.95941, 42.54638 ], [ -71.97252, 42.53617 ], [ -71.97558, 42.53586 ], [ -71.97969, 42.53231 ] ] ] ] } },
{ "type": "Feature", "properties": { "town_name": "Bedford", "fill_color": "#009688" }, "geometry": { "type": "MultiPolygon", "coordinates": [ [ [ [ -71.32127, 42.48051 ], [ -71.31377, 42.47418 ], [ -71.30947, 42.4764 ], [ -71.3038, 42.47444 ], [ -71.29872, 42.47291 ], [ -71.28184, 42.45964 ], [ -71.27789, 42.46071 ], [ -71.27269, 42.4597 ], [ -71.26152, 42.47625 ], [ -71.25669, 42.47846 ], [ -71.25199, 42.48501 ], [ -71.24091, 42.49001 ], [ -71.23208, 42.50603 ], [ -71.23692, 42.51149 ], [ -71.24144, 42.52069 ], [ -71.24258, 42.51994 ], [ -71.25014, 42.52573 ], [ -71.25457, 42.52259 ], [ -71.28105, 42.52635 ], [ -71.30351, 42.52007 ], [ -71.3067, 42.52059 ], [ -71.30623, 42.51456 ], [ -71.31771, 42.5048 ], [ -71.3193, 42.48629 ], [ -71.31699, 42.48418 ], [ -71.32127, 42.48051 ] ] ] ] } },
{ "type": "Feature", "properties": { "town_name": "Abington", "fill_color": "transparent" }, "geometry": { "type": "MultiPolygon", "coordinates": [ [ [ [ -71.00197, 42.12653 ], [ -70.99859, 42.11164 ], [ -70.97877, 42.1134 ], [ -70.98066, 42.10925 ], [ -70.97739, 42.10556 ], [ -70.97525, 42.09069 ], [ -70.97539, 42.0875 ], [ -70.92685, 42.09815 ], [ -70.91591, 42.10012 ], [ -70.93149, 42.11655 ], [ -70.94077, 42.15136 ], [ -71.00197, 42.12653 ] ] ] ] } },
{ "type": "Feature", "properties": { "town_name": "Somerset", "fill_color": "#AB47BC" }, "geometry": { "type": "MultiPolygon", "coordinates": [ [ [ [ -71.20829, 41.6905 ], [ -71.20122, 41.68186 ], [ -71.17419, 41.7022 ], [ -71.14918, 41.72991 ], [ -71.13189, 41.7494 ], [ -71.13129, 41.7575 ], [ -71.11449, 41.7788 ], [ -71.11961, 41.79097 ], [ -71.15316, 41.78955 ], [ -71.15631, 41.73947 ], [ -71.18602, 41.74427 ], [ -71.18997, 41.74383 ], [ -71.18677, 41.74141 ], [ -71.20829, 41.6905 ] ] ] ] } },
{ "type": "Feature", "properties": { "town_name": "Otis", "fill_color": "transparent" }, "geometry": { "type": "MultiPolygon", "coordinates": [ [ [ [ -73.16197, 42.17867 ], [ -73.08754, 42.18693 ], [ -73.0801, 42.13912 ], [ -73.07055, 42.14016 ], [ -73.07213, 42.14355 ], [ -73.0704, 42.14696 ], [ -73.07111, 42.14821 ], [ -73.03492, 42.14365 ], [ -73.00787, 42.23841 ], [ -73.03626, 42.23615 ], [ -73.03682, 42.24018 ], [ -73.0909, 42.23418 ], [ -73.09257, 42.24551 ], [ -73.1207, 42.24318 ], [ -73.12276, 42.24938 ], [ -73.12121, 42.25262 ], [ -73.16156, 42.2476 ], [ -73.16197, 42.17867 ] ] ] ] } },
{ "type": "Feature", "properties": { "town_name": "Conway", "fill_color": "#009688" }, "geometry": { "type": "MultiPolygon", "coordinates": [ [ [ [ -72.76594, 42.45168 ], [ -72.75711, 42.45241 ], [ -72.75776, 42.44588 ], [ -72.6574, 42.45838 ], [ -72.65572, 42.46125 ], [ -72.65737, 42.46601 ], [ -72.65623, 42.47003 ], [ -72.66277, 42.46926 ], [ -72.64875, 42.52941 ], [ -72.65565, 42.54041 ], [ -72.66102, 42.54419 ], [ -72.66412, 42.54915 ], [ -72.67542, 42.55303 ], [ -72.67875, 42.55583 ], [ -72.68017, 42.56272 ], [ -72.69495, 42.56419 ], [ -72.69964, 42.56337 ], [ -72.70492, 42.56526 ], [ -72.70739, 42.57146 ], [ -72.70686, 42.57663 ], [ -72.71662, 42.58152 ], [ -72.71933, 42.58549 ], [ -72.7422, 42.58308 ], [ -72.74542, 42.56427 ], [ -72.73309, 42.56275 ], [ -72.76176, 42.46328 ], [ -72.76379, 42.46366 ], [ -72.7643, 42.46016 ], [ -72.75829, 42.46093 ], [ -72.75911, 42.45649 ], [ -72.76511, 42.45588 ], [ -72.76594, 42.45168 ] ] ] ] } },
{ "type": "Feature", "properties": { "town_name": "Pembroke", "fill_color": "#AB47BC" }, "geometry": { "type": "MultiPolygon", "coordinates": [ [ [ [ -70.84701, 42.04816 ], [ -70.84107, 42.04489 ], [ -70.84477, 42.0427 ], [ -70.83346, 42.01955 ], [ -70.81498, 42.02398 ], [ -70.8134, 42.02302 ], [ -70.81373, 42.01961 ], [ -70.80939, 42.01667 ], [ -70.80725, 42.01288 ], [ -70.79933, 42.01361 ], [ -70.80038, 42.0161 ], [ -70.79672, 42.02059 ], [ -70.77553, 42.02317 ], [ -70.76949, 42.02206 ], [ -70.76538, 42.03131 ], [ -70.76152, 42.03143 ], [ -70.75917, 42.03424 ], [ -70.76289, 42.03816 ], [ -70.76544, 42.0389 ], [ -70.76872, 42.04513 ], [ -70.78144, 42.04678 ], [ -70.74972, 42.09698 ], [ -70.7623, 42.10337 ], [ -70.75947, 42.1096 ], [ -70.76572, 42.10984 ], [ -70.76655, 42.11403 ], [ -70.77728, 42.11341 ], [ -70.77509, 42.11533 ], [ -70.77712, 42.11675 ], [ -70.77936, 42.11564 ], [ -70.7823, 42.11675 ], [ -70.78301, 42.11201 ], [ -70.78855, 42.11128 ], [ -70.79023, 42.10865 ], [ -70.79231, 42.10886 ], [ -70.7897, 42.10642 ], [ -70.794, 42.10717 ], [ -70.79844, 42.11239 ], [ -70.80057, 42.10971 ], [ -70.80495, 42.11117 ], [ -70.81229, 42.10388 ], [ -70.80975, 42.09905 ], [ -70.8117, 42.09805 ], [ -70.82665, 42.10033 ], [ -70.8381, 42.0966 ], [ -70.84059, 42.09454 ], [ -70.84335, 42.09476 ], [ -70.84555, 42.09188 ], [ -70.84266, 42.08887 ], [ -70.84276, 42.07428 ], [ -70.83822, 42.06388 ], [ -70.84101, 42.06041 ], [ -70.83682, 42.05929 ], [ -70.84583, 42.05507 ], [ -70.84701, 42.04816 ] ] ] ] } },
{ "type": "Feature", "properties": { "town_name": "Raynham", "fill_color": "transparent" }, "geometry": { "type": "MultiPolygon", "coordinates": [ [ [ [ -71.0927, 41.93899 ], [ -71.06365, 41.90361 ], [ -71.0555, 41.90115 ], [ -71.05389, 41.9046 ], [ -71.04841, 41.90476 ], [ -71.04531, 41.90175 ], [ -71.04171, 41.89512 ], [ -71.04347, 41.89404 ], [ -71.0442, 41.89524 ], [ -71.04724, 41.89348 ], [ -71.04477, 41.89149 ], [ -71.04868, 41.88906 ], [ -71.04768, 41.88668 ], [ -71.04455, 41.88536 ], [ -71.04253, 41.88625 ], [ -71.0422, 41.88397 ], [ -71.03873, 41.88577 ], [ -71.03762, 41.88341 ], [ -71.03208, 41.88674 ], [ -71.02354, 41.88707 ], [ -71.01988, 41.88934 ], [ -71.01778, 41.88936 ], [ -71.01311, 41.8924 ], [ -71.01188, 41.89004 ], [ -71.00862, 41.89051 ], [ -71.00584, 41.88519 ], [ -71.00346, 41.88503 ], [ -71.0036, 41.88302 ], [ -70.99498, 41.88511 ], [ -70.99211, 41.88974 ], [ -70.99445, 41.89704 ], [ -70.9997, 41.89691 ], [ -70.99115, 41.90913 ], [ -70.99328, 41.91647 ], [ -70.99508, 41.91497 ], [ -70.9974, 41.9184 ], [ -70.99553, 41.92505 ], [ -71.01057, 41.94008 ], [ -71.04978, 41.96431 ], [ -71.05472, 41.98506 ], [ -71.08716, 41.99083 ], [ -71.08533, 41.98234 ], [ -71.08033, 41.9755 ], [ -71.08376, 41.96562 ], [ -71.08255, 41.96351 ], [ -71.08052, 41.95954 ], [ -71.08977, 41.94201 ], [ -71.0927, 41.93899 ] ] ] ] } },
{ "type": "Feature", "properties": { "town_name": "Fitchburg", "fill_color": "transparent" }, "geometry": { "type": "MultiPolygon", "coordinates": [ [ [ [ -71.86295, 42.5447 ], [ -71.83781, 42.54378 ], [ -71.83712, 42.54855 ], [ -71.83088, 42.54902 ], [ -71.82073, 42.54652 ], [ -71.80655, 42.54747 ], [ -71.79758, 42.55262 ], [ -71.78602, 42.55105 ], [ -71.77134, 42.55925 ], [ -71.76159, 42.5519 ], [ -71.75983, 42.54782 ], [ -71.75777, 42.54857 ], [ -71.74968, 42.5452 ], [ -71.74987, 42.54976 ], [ -71.74777, 42.54994 ], [ -71.75725, 42.56207 ], [ -71.76295, 42.56392 ], [ -71.76489, 42.56284 ], [ -71.77294, 42.56965 ], [ -71.7715, 42.60627 ], [ -71.77532, 42.63666 ], [ -71.84484, 42.63799 ], [ -71.85848, 42.63381 ], [ -71.86234, 42.55805 ], [ -71.85513, 42.55829 ], [ -71.85559, 42.55205 ], [ -71.86251, 42.55247 ], [ -71.86295, 42.5447 ] ] ] ] } },
{ "type": "Feature", "properties": { "town_name": "Lanesborough", "fill_color": "#009688" }, "geometry": { "type": "MultiPolygon", "coordinates": [ [ [ [ -73.31174, 42.50461 ], [ -73.1822, 42.48541 ], [ -73.16581, 42.51093 ], [ -73.18957, 42.51479 ], [ -73.18843, 42.51662 ], [ -73.20089, 42.51864 ], [ -73.18749, 42.53862 ], [ -73.21211, 42.5424 ], [ -73.2035, 42.55608 ], [ -73.20936, 42.55713 ], [ -73.2045, 42.56469 ], [ -73.2106, 42.56568 ], [ -73.20185, 42.57919 ], [ -73.25828, 42.58857 ], [ -73.31174, 42.50461 ] ] ] ] } },
{ "type": "Feature", "properties": { "town_name": "Peru", "fill_color": "transparent" }, "geometry": { "type": "MultiPolygon", "coordinates": [ [ [ [ -73.09143, 42.38478 ], [ -73.06851, 42.38072 ], [ -73.06577, 42.38911 ], [ -73.01168, 42.37968 ], [ -72.98813, 42.46695 ], [ -73.06795, 42.48011 ], [ -73.07143, 42.46803 ], [ -73.07316, 42.4684 ], [ -73.07953, 42.44731 ], [ -73.07607, 42.44599 ], [ -73.08045, 42.4327 ], [ -73.07784, 42.43033 ], [ -73.07701, 42.4263 ], [ -73.0813, 42.42403 ], [ -73.07876, 42.42059 ], [ -73.08163, 42.40936 ], [ -73.08441, 42.40984 ], [ -73.09143, 42.38478 ] ] ], [ [ [ -73.0813, 42.42403 ], [ -73.08304, 42.42502 ], [ -73.08353, 42.42398 ], [ -73.0813, 42.42403 ] ] ] ] } },
{ "type": "Feature", "properties": { "town_name": "Beverly", "fill_color": "transparent" }, "geometry": { "type": "MultiPolygon", "coordinates": [ [ [ [ -70.92234, 42.59151 ], [ -70.9084, 42.57154 ], [ -70.90859, 42.55759 ], [ -70.91239, 42.5467 ], [ -70.90921, 42.54625 ], [ -70.9084, 42.54556 ], [ -70.89843, 42.54291 ], [ -70.88719, 42.53794 ], [ -70.88061, 42.5374 ], [ -70.87519, 42.54434 ], [ -70.86865, 42.54852 ], [ -70.86111, 42.54513 ], [ -70.85517, 42.54753 ], [ -70.85487, 42.54936 ], [ -70.85013, 42.55114 ], [ -70.84548, 42.5482 ], [ -70.83659, 42.55128 ], [ -70.8238, 42.55187 ], [ -70.81539, 42.55419 ], [ -70.80267, 42.56202 ], [ -70.7935, 42.56431 ], [ -70.79442, 42.56922 ], [ -70.81009, 42.58422 ], [ -70.8133, 42.58014 ], [ -70.81994, 42.57824 ], [ -70.82769, 42.58313 ], [ -70.83541, 42.59068 ], [ -70.92234, 42.59151 ] ] ] ] } },
{ "type": "Feature", "properties": { "town_name": "Southampton", "fill_color": "#AB47BC" }, "geometry": { "type": "MultiPolygon", "coordinates": [ [ [ [ -72.81441, 42.25682 ], [ -72.81258, 42.23495 ], [ -72.79341, 42.23685 ], [ -72.79199, 42.2173 ], [ -72.78211, 42.21727 ], [ -72.78104, 42.19975 ], [ -72.68686, 42.18339 ], [ -72.68624, 42.18883 ], [ -72.69051, 42.21308 ], [ -72.67003, 42.2165 ], [ -72.66777, 42.22546 ], [ -72.68768, 42.22324 ], [ -72.68619, 42.23486 ], [ -72.68712, 42.23842 ], [ -72.68264, 42.24416 ], [ -72.70138, 42.25706 ], [ -72.69868, 42.26061 ], [ -72.69552, 42.26542 ], [ -72.6985, 42.26938 ], [ -72.70776, 42.26933 ], [ -72.70899, 42.27036 ], [ -72.71241, 42.27581 ], [ -72.72124, 42.27634 ], [ -72.72502, 42.27809 ], [ -72.7363, 42.27654 ], [ -72.73576, 42.26652 ], [ -72.81441, 42.25682 ] ] ] ] } },
{ "type": "Feature", "properties": { "town_name": "Lancaster", "fill_color": "#009688" }, "geometry": { "type": "MultiPolygon", "coordinates": [ [ [ [ -71.72839, 42.47513 ], [ -71.7187, 42.47337 ], [ -71.71836, 42.41022 ], [ -71.68819, 42.43674 ], [ -71.65674, 42.43096 ], [ -71.64243, 42.4795 ], [ -71.63579, 42.47689 ], [ -71.63367, 42.47751 ], [ -71.6341, 42.48287 ], [ -71.63219, 42.48278 ], [ -71.63161, 42.48542 ], [ -71.62579, 42.49911 ], [ -71.63351, 42.50256 ], [ -71.63422, 42.50436 ], [ -71.62956, 42.5113 ], [ -71.62843, 42.51051 ], [ -71.62742, 42.51301 ], [ -71.62974, 42.51366 ], [ -71.62962, 42.51584 ], [ -71.63182, 42.51699 ], [ -71.63015, 42.51883 ], [ -71.63587, 42.52402 ], [ -71.70224, 42.5339 ], [ -71.71217, 42.5216 ], [ -71.71674, 42.51897 ], [ -71.72839, 42.47513 ] ] ] ] } },
{ "type": "Feature", "properties": { "town_name": "Gloucester", "fill_color": "transparent" }, "geometry": { "type": "MultiPolygon", "coordinates": [ [ [ [ -70.75743, 42.62015 ], [ -70.74045, 42.59 ], [ -70.71711, 42.58151 ], [ -70.71533, 42.5723 ], [ -70.71035, 42.57257 ], [ -70.70819, 42.57558 ], [ -70.69857, 42.57739 ], [ -70.69293, 42.58421 ], [ -70.6845, 42.58886 ], [ -70.6808, 42.59346 ], [ -70.68434, 42.59615 ], [ -70.68149, 42.6007 ], [ -70.6765, 42.60333 ], [ -70.67673, 42.60753 ], [ -70.66556, 42.6091 ], [ -70.65891, 42.6035 ], [ -70.657, 42.59826 ], [ -70.65962, 42.59213 ], [ -70.66604, 42.58408 ], [ -70.66489, 42.58044 ], [ -70.65473, 42.58223 ], [ -70.64804, 42.58755 ], [ -70.64609, 42.5922 ], [ -70.63563, 42.60024 ], [ -70.6323, 42.61011 ], [ -70.63222, 42.61679 ], [ -70.62717, 42.62134 ], [ -70.62049, 42.62303 ], [ -70.61792, 42.62547 ], [ -70.64308, 42.63462 ], [ -70.64402, 42.66468 ], [ -70.64138, 42.68505 ], [ -70.64322, 42.68511 ], [ -70.64506, 42.68854 ], [ -70.65439, 42.68169 ], [ -70.65744, 42.68152 ], [ -70.66355, 42.6776 ], [ -70.66685, 42.67172 ], [ -70.67314, 42.66654 ], [ -70.6761, 42.66616 ], [ -70.6813, 42.66148 ], [ -70.67992, 42.66034 ], [ -70.68463, 42.65181 ], [ -70.68877, 42.65261 ], [ -70.69123, 42.65579 ], [ -70.70583, 42.65825 ], [ -70.72504, 42.6652 ], [ -70.73957, 42.6424 ], [ -70.75743, 42.62015 ] ] ] ] } },
{ "type": "Feature", "properties": { "town_name": "Ipswich", "fill_color": "#009688" }, "geometry": { "type": "MultiPolygon", "coordinates": [ [ [ [ -70.96534, 42.67187 ], [ -70.93603, 42.66349 ], [ -70.92053, 42.67008 ], [ -70.91634, 42.66075 ], [ -70.90496, 42.66199 ], [ -70.90362, 42.65951 ], [ -70.89399, 42.65975 ], [ -70.88532, 42.65827 ], [ -70.88616, 42.65684 ], [ -70.87934, 42.65404 ], [ -70.87505, 42.65739 ], [ -70.87236, 42.65725 ], [ -70.87005, 42.65925 ], [ -70.8679, 42.65754 ], [ -70.85977, 42.65749 ], [ -70.86328, 42.64622 ], [ -70.85763, 42.64169 ], [ -70.85, 42.64406 ], [ -70.84657, 42.64671 ], [ -70.83288, 42.64869 ], [ -70.83096, 42.64214 ], [ -70.83405, 42.64023 ], [ -70.82409, 42.63416 ], [ -70.82394, 42.63831 ], [ -70.82185, 42.64233 ], [ -70.81693, 42.6413 ], [ -70.81445, 42.64661 ], [ -70.81594, 42.64727 ], [ -70.80992, 42.65094 ], [ -70.80739, 42.6547 ], [ -70.80381, 42.65487 ], [ -70.8033, 42.65668 ], [ -70.79633, 42.65604 ], [ -70.79397, 42.65602 ], [ -70.79594, 42.65791 ], [ -70.7942, 42.65848 ], [ -70.79555, 42.65923 ], [ -70.7909, 42.65959 ], [ -70.79124, 42.6608 ], [ -70.79355, 42.66069 ], [ -70.79273, 42.66183 ], [ -70.78864, 42.66318 ], [ -70.79085, 42.66464 ], [ -70.78946, 42.66781 ], [ -70.78504, 42.66837 ], [ -70.78098, 42.67124 ], [ -70.77739, 42.67308 ], [ -70.7615, 42.67574 ], [ -70.75154, 42.67079 ], [ -70.73246, 42.65396 ], [ -70.72504, 42.6652 ], [ -70.73055, 42.66656 ], [ -70.73253, 42.67024 ], [ -70.7446, 42.68131 ], [ -70.75274, 42.68433 ], [ -70.76442, 42.68565 ], [ -70.77608, 42.69126 ], [ -70.77579, 42.70067 ], [ -70.77045, 42.70482 ], [ -70.77227, 42.71106 ], [ -70.78816, 42.73887 ], [ -70.79827, 42.73362 ], [ -70.79972, 42.72965 ], [ -70.79832, 42.72842 ], [ -70.80565, 42.72706 ], [ -70.81525, 42.72281 ], [ -70.82041, 42.73051 ], [ -70.82952, 42.73255 ], [ -70.83984, 42.73111 ], [ -70.84892, 42.72592 ], [ -70.85227, 42.72674 ], [ -70.85896, 42.72165 ], [ -70.85834, 42.71746 ], [ -70.86055, 42.71551 ], [ -70.85768, 42.71367 ], [ -70.86342, 42.71267 ], [ -70.86441, 42.7091 ], [ -70.87548, 42.71288 ], [ -70.88087, 42.70629 ], [ -70.96446, 42.67482 ], [ -70.96534, 42.67187 ] ] ] ] } },
{ "type": "Feature", "properties": { "town_name": "Lynn", "fill_color": "transparent" }, "geometry": { "type": "MultiPolygon", "coordinates": [ [ [ [ -71.00308, 42.49641 ], [ -70.98906, 42.45966 ], [ -70.98568, 42.45922 ], [ -70.98723, 42.45748 ], [ -70.98669, 42.4546 ], [ -70.98597, 42.45723 ], [ -70.98311, 42.45861 ], [ -70.97949, 42.4562 ], [ -70.98383, 42.45238 ], [ -70.96613, 42.44351 ], [ -70.9654, 42.44542 ], [ -70.96261, 42.4451 ], [ -70.94435, 42.45786 ], [ -70.93898, 42.45702 ], [ -70.93878, 42.45572 ], [ -70.93517, 42.45664 ], [ -70.93149, 42.46063 ], [ -70.92679, 42.46183 ], [ -70.92199, 42.4667 ], [ -70.93546, 42.49117 ], [ -70.95953, 42.49783 ], [ -70.98691, 42.51177 ], [ -70.99274, 42.5122 ], [ -70.98837, 42.50921 ], [ -70.99531, 42.50557 ], [ -70.99689, 42.50701 ], [ -71.00174, 42.50708 ], [ -71.01162, 42.50165 ], [ -71.00308, 42.49641 ] ] ] ] } },
{ "type": "Feature", "properties": { "town_name": "Methuen Town", "fill_color": "transparent" }, "geometry": { "type": "MultiPolygon", "coordinates": [ [ [ [ -71.25515, 42.73655 ], [ -71.23818, 42.66942 ], [ -71.22772, 42.6809 ], [ -71.22481, 42.69343 ], [ -71.21817, 42.70063 ], [ -71.20994, 42.70062 ], [ -71.18886, 42.69627 ], [ -71.19092, 42.71074 ], [ -71.17088, 42.7233 ], [ -71.13732, 42.72152 ], [ -71.1342, 42.72151 ], [ -71.11558, 42.7411 ], [ -71.11918, 42.74731 ], [ -71.12759, 42.75467 ], [ -71.13065, 42.7608 ], [ -71.18228, 42.79425 ], [ -71.1861, 42.79069 ], [ -71.1818, 42.73759 ], [ -71.2239, 42.74669 ], [ -71.2455, 42.74259 ], [ -71.25515, 42.73655 ] ] ] ] } },
{ "type": "Feature", "properties": { "town_name": "Nahant", "fill_color": "transparent" }, "geometry": { "type": "MultiPolygon", "coordinates": [ [ [ [ -70.93977, 42.43847 ], [ -70.93555, 42.43153 ], [ -70.93743, 42.4258 ], [ -70.93639, 42.4181 ], [ -70.92797, 42.41713 ], [ -70.92805, 42.42066 ], [ -70.91993, 42.42359 ], [ -70.91085, 42.41652 ], [ -70.90569, 42.4162 ], [ -70.90287, 42.42005 ], [ -70.90765, 42.42183 ], [ -70.90839, 42.4252 ], [ -70.91319, 42.4277 ], [ -70.92508, 42.4303 ], [ -70.92863, 42.42883 ], [ -70.9334, 42.43343 ], [ -70.92802, 42.43722 ], [ -70.92849, 42.43833 ], [ -70.93616, 42.4374 ], [ -70.93748, 42.44009 ], [ -70.93518, 42.45655 ], [ -70.93878, 42.45572 ], [ -70.93977, 42.43847 ] ] ] ] } },
{ "type": "Feature", "properties": { "town_name": "Peabody", "fill_color": "transparent" }, "geometry": { "type": "MultiPolygon", "coordinates": [ [ [ [ -71.03485, 42.5655 ], [ -71.03156, 42.5512 ], [ -71.00529, 42.52299 ], [ -70.95953, 42.49783 ], [ -70.95086, 42.49498 ], [ -70.91978, 42.52059 ], [ -70.91717, 42.52406 ], [ -70.91823, 42.52505 ], [ -70.91554, 42.52882 ], [ -70.91271, 42.52806 ], [ -70.91349, 42.54147 ], [ -70.92735, 42.54566 ], [ -70.93665, 42.5471 ], [ -70.94096, 42.5461 ], [ -70.99932, 42.56223 ], [ -71.00402, 42.56519 ], [ -71.00839, 42.56407 ], [ -71.01532, 42.56794 ], [ -71.02093, 42.56869 ], [ -71.02325, 42.57039 ], [ -71.02445, 42.56936 ], [ -71.02921, 42.56997 ], [ -71.02981, 42.56516 ], [ -71.03485, 42.5655 ] ] ] ] } },
{ "type": "Feature", "properties": { "town_name": "Saugus", "fill_color": "transparent" }, "geometry": { "type": "MultiPolygon", "coordinates": [ [ [ [ -71.05336, 42.47592 ], [ -71.02584, 42.44471 ], [ -71.01876, 42.45012 ], [ -71.00967, 42.44105 ], [ -71.01227, 42.43972 ], [ -71.0101, 42.43819 ], [ -71.01078, 42.43457 ], [ -70.99723, 42.43105 ], [ -70.99012, 42.43488 ], [ -70.98229, 42.4313 ], [ -70.97519, 42.4369 ], [ -70.97159, 42.4427 ], [ -70.96859, 42.4444 ], [ -70.98383, 42.45238 ], [ -70.97949, 42.4562 ], [ -70.98311, 42.45861 ], [ -70.98597, 42.45723 ], [ -70.98669, 42.4546 ], [ -70.98723, 42.45748 ], [ -70.98568, 42.45922 ], [ -70.98906, 42.45966 ], [ -71.00308, 42.49641 ], [ -71.01467, 42.50209 ], [ -71.03584, 42.50519 ], [ -71.03872, 42.50272 ], [ -71.04223, 42.50234 ], [ -71.04377, 42.5012 ], [ -71.03991, 42.49595 ], [ -71.04695, 42.48796 ], [ -71.05263, 42.48606 ], [ -71.05336, 42.47592 ] ] ] ] } },
{ "type": "Feature", "properties": { "town_name": "Chatham", "fill_color": "transparent" }, "geometry": { "type": "MultiPolygon", "coordinates": [ [ [ [ -70.03726, 41.6675 ], [ -70.02935, 41.66774 ], [ -70.01248, 41.67188 ], [ -70.00701, 41.67158 ], [ -69.99636, 41.66718 ], [ -69.98324, 41.65724 ], [ -69.97572, 41.65374 ], [ -69.97049, 41.64546 ], [ -69.97592, 41.63886 ], [ -69.97748, 41.63079 ], [ -69.98556, 41.61967 ], [ -69.98521, 41.61312 ], [ -69.99222, 41.60332 ], [ -69.99131, 41.58872 ], [ -69.99388, 41.5763 ], [ -69.99885, 41.5659 ], [ -70.0127, 41.55323 ], [ -70.01265, 41.54678 ], [ -70.00838, 41.54144 ], [ -70.00386, 41.54055 ], [ -69.99768, 41.54233 ], [ -69.99198, 41.54749 ], [ -69.98821, 41.5547 ], [ -69.98841, 41.59443 ], [ -69.98318, 41.6083 ], [ -69.97605, 41.61167 ], [ -69.96719, 41.61196 ], [ -69.95778, 41.62036 ], [ -69.9568, 41.6298 ], [ -69.94753, 41.65146 ], [ -69.94397, 41.65555 ], [ -69.94373, 41.66478 ], [ -69.93375, 41.67863 ], [ -69.93042, 41.69194 ], [ -69.9285, 41.72251 ], [ -69.95068, 41.7246 ], [ -69.98852, 41.72499 ], [ -69.99327, 41.71241 ], [ -70.01331, 41.69994 ], [ -70.02729, 41.69987 ], [ -70.03284, 41.67712 ], [ -70.03818, 41.66998 ], [ -70.03726, 41.6675 ] ] ] ] } },
{ "type": "Feature", "properties": { "town_name": "Dennis", "fill_color": "transparent" }, "geometry": { "type": "MultiPolygon", "coordinates": [ [ [ [ -70.24078, 41.72753 ], [ -70.23699, 41.72504 ], [ -70.23362, 41.72521 ], [ -70.23067, 41.7291 ], [ -70.22346, 41.72504 ], [ -70.22054, 41.72566 ], [ -70.21959, 41.72242 ], [ -70.21511, 41.72513 ], [ -70.21329, 41.72325 ], [ -70.21284, 41.72439 ], [ -70.20376, 41.72319 ], [ -70.20238, 41.72437 ], [ -70.19704, 41.72158 ], [ -70.19808, 41.71896 ], [ -70.17882, 41.70905 ], [ -70.18237, 41.70559 ], [ -70.17023, 41.69715 ], [ -70.16758, 41.68936 ], [ -70.1613, 41.68799 ], [ -70.15935, 41.68474 ], [ -70.16232, 41.68221 ], [ -70.1622, 41.67976 ], [ -70.16683, 41.67741 ], [ -70.17404, 41.67028 ], [ -70.1794, 41.66926 ], [ -70.18971, 41.65768 ], [ -70.1962, 41.65374 ], [ -70.19736, 41.64927 ], [ -70.19331, 41.64827 ], [ -70.16834, 41.652 ], [ -70.14088, 41.65042 ], [ -70.11775, 41.65524 ], [ -70.14511, 41.74481 ], [ -70.14419, 41.74681 ], [ -70.13281, 41.75063 ], [ -70.13307, 41.75178 ], [ -70.1307, 41.75155 ], [ -70.13074, 41.75354 ], [ -70.12196, 41.75885 ], [ -70.14153, 41.76007 ], [ -70.14991, 41.75698 ], [ -70.1838, 41.75058 ], [ -70.18925, 41.75198 ], [ -70.21607, 41.74298 ], [ -70.24078, 41.72753 ] ] ] ] } },
{ "type": "Feature", "properties": { "town_name": "Sandwich", "fill_color": "transparent" }, "geometry": { "type": "MultiPolygon", "coordinates": [ [ [ [ -70.56892, 41.64855 ], [ -70.5679, 41.64553 ], [ -70.53965, 41.63721 ], [ -70.52317, 41.65044 ], [ -70.51132, 41.67608 ], [ -70.49746, 41.67112 ], [ -70.49365, 41.67323 ], [ -70.49385, 41.67683 ], [ -70.49677, 41.67809 ], [ -70.4972, 41.68348 ], [ -70.47822, 41.68511 ], [ -70.47555, 41.68242 ], [ -70.47492, 41.67846 ], [ -70.48217, 41.66597 ], [ -70.48055, 41.66102 ], [ -70.47537, 41.65975 ], [ -70.47111, 41.66596 ], [ -70.45874, 41.66404 ], [ -70.38359, 41.73976 ], [ -70.39999, 41.74172 ], [ -70.42982, 41.74888 ], [ -70.47578, 41.76388 ], [ -70.49405, 41.77388 ], [ -70.49452, 41.77824 ], [ -70.51941, 41.79277 ], [ -70.52066, 41.77134 ], [ -70.52328, 41.76819 ], [ -70.53789, 41.7128 ], [ -70.54173, 41.6988 ], [ -70.541, 41.69043 ], [ -70.5501, 41.67169 ], [ -70.56669, 41.65631 ], [ -70.5674, 41.64928 ], [ -70.56892, 41.64855 ] ] ] ] } },
{ "type": "Feature", "properties": { "town_name": "Yarmouth", "fill_color": "transparent" }, "geometry": { "type": "MultiPolygon", "coordinates": [ [ [ [ -70.27457, 41.64682 ], [ -70.26156, 41.63069 ], [ -70.26286, 41.62833 ], [ -70.26752, 41.62968 ], [ -70.27079, 41.62795 ], [ -70.26913, 41.62574 ], [ -70.26969, 41.61777 ], [ -70.26759, 41.61091 ], [ -70.26542, 41.60933 ], [ -70.2596, 41.61086 ], [ -70.25542, 41.61754 ], [ -70.25621, 41.6207 ], [ -70.24587, 41.62848 ], [ -70.21977, 41.63647 ], [ -70.20329, 41.64319 ], [ -70.198, 41.64415 ], [ -70.19519, 41.64791 ], [ -70.19736, 41.64927 ], [ -70.19494, 41.65498 ], [ -70.18971, 41.65768 ], [ -70.1778, 41.67009 ], [ -70.17404, 41.67028 ], [ -70.16527, 41.67849 ], [ -70.1622, 41.67976 ], [ -70.16232, 41.68221 ], [ -70.15935, 41.68474 ], [ -70.1613, 41.68799 ], [ -70.16758, 41.68936 ], [ -70.17023, 41.69715 ], [ -70.18237, 41.70559 ], [ -70.17882, 41.70905 ], [ -70.19808, 41.71896 ], [ -70.19704, 41.72158 ], [ -70.20238, 41.72437 ], [ -70.206, 41.72297 ], [ -70.21284, 41.72439 ], [ -70.21329, 41.72325 ], [ -70.21511, 41.72513 ], [ -70.21804, 41.72445 ], [ -70.21959, 41.72242 ], [ -70.22188, 41.72611 ], [ -70.22346, 41.72504 ], [ -70.23067, 41.7291 ], [ -70.23362, 41.72521 ], [ -70.23699, 41.72504 ], [ -70.2353, 41.72246 ], [ -70.23951, 41.71814 ], [ -70.24059, 41.71264 ], [ -70.24102, 41.71054 ], [ -70.24432, 41.71227 ], [ -70.24837, 41.71168 ], [ -70.25119, 41.70734 ], [ -70.25571, 41.70791 ], [ -70.25814, 41.71004 ], [ -70.2628, 41.70757 ], [ -70.26031, 41.70125 ], [ -70.25964, 41.69223 ], [ -70.27457, 41.64682 ] ] ] ] } },
{ "type": "Feature", "properties": { "town_name": "Brockton", "fill_color": "transparent" }, "geometry": { "type": "MultiPolygon", "coordinates": [ [ [ [ -71.08048, 42.09554 ], [ -71.06959, 42.0497 ], [ -71.02571, 42.05479 ], [ -71.02292, 42.04218 ], [ -70.98716, 42.04657 ], [ -70.98992, 42.05949 ], [ -70.98079, 42.06886 ], [ -70.97523, 42.07118 ], [ -70.97584, 42.08948 ], [ -70.97507, 42.09623 ], [ -70.9781, 42.10776 ], [ -70.98082, 42.11118 ], [ -70.97877, 42.1134 ], [ -70.99859, 42.11164 ], [ -71.00203, 42.12651 ], [ -71.01672, 42.12075 ], [ -71.08048, 42.09554 ] ] ] ] } },
{ "type": "Feature", "properties": { "town_name": "Halifax", "fill_color": "transparent" }, "geometry": { "type": "MultiPolygon", "coordinates": [ [ [ [ -70.91173, 41.97701 ], [ -70.90862, 41.97424 ], [ -70.90729, 41.96747 ], [ -70.90853, 41.96639 ], [ -70.86913, 41.94828 ], [ -70.86088, 41.95499 ], [ -70.86307, 41.9568 ], [ -70.82288, 41.9845 ], [ -70.8187, 41.99672 ], [ -70.80687, 42.01057 ], [ -70.80939, 42.01667 ], [ -70.81373, 42.01961 ], [ -70.8134, 42.02302 ], [ -70.81498, 42.02398 ], [ -70.85284, 42.01586 ], [ -70.86016, 42.01616 ], [ -70.86443, 42.02097 ], [ -70.89452, 42.02644 ], [ -70.89957, 42.00297 ], [ -70.9014, 41.98298 ], [ -70.91148, 41.98023 ], [ -70.91173, 41.97701 ] ] ] ] } },
{ "type": "Feature", "properties": { "town_name": "Hanover", "fill_color": "#AB47BC" }, "geometry": { "type": "MultiPolygon", "coordinates": [ [ [ [ -70.90012, 42.15174 ], [ -70.88913, 42.11273 ], [ -70.88755, 42.08796 ], [ -70.87494, 42.08967 ], [ -70.87001, 42.0873 ], [ -70.8653, 42.09062 ], [ -70.86182, 42.08918 ], [ -70.85549, 42.09242 ], [ -70.85367, 42.09541 ], [ -70.84906, 42.09576 ], [ -70.84059, 42.09454 ], [ -70.83145, 42.09852 ], [ -70.82309, 42.10054 ], [ -70.8117, 42.09805 ], [ -70.80975, 42.09905 ], [ -70.81229, 42.10388 ], [ -70.80495, 42.11117 ], [ -70.80498, 42.1144 ], [ -70.80873, 42.11465 ], [ -70.81015, 42.11804 ], [ -70.80821, 42.12018 ], [ -70.80912, 42.12452 ], [ -70.81601, 42.12855 ], [ -70.8165, 42.13145 ], [ -70.81977, 42.13208 ], [ -70.81898, 42.13282 ], [ -70.82676, 42.13183 ], [ -70.83416, 42.13431 ], [ -70.83476, 42.1388 ], [ -70.84027, 42.14942 ], [ -70.84724, 42.15821 ], [ -70.90012, 42.15174 ] ] ] ] } },
{ "type": "Feature", "properties": { "town_name": "Hingham", "fill_color": "#009688" }, "geometry": { "type": "MultiPolygon", "coordinates": [ [ [ [ -70.93349, 42.25 ], [ -70.93102, 42.24704 ], [ -70.92959, 42.2427 ], [ -70.92239, 42.2293 ], [ -70.92349, 42.2259 ], [ -70.91474, 42.22511 ], [ -70.92488, 42.15758 ], [ -70.8876, 42.17333 ], [ -70.85216, 42.19046 ], [ -70.83886, 42.19481 ], [ -70.82702, 42.20079 ], [ -70.8408, 42.21312 ], [ -70.85338, 42.23961 ], [ -70.84115, 42.24335 ], [ -70.84124, 42.24455 ], [ -70.84928, 42.24733 ], [ -70.84729, 42.2541 ], [ -70.84463, 42.26043 ], [ -70.8502, 42.25873 ], [ -70.86344, 42.25872 ], [ -70.86789, 42.26124 ], [ -70.86722, 42.26699 ], [ -70.87662, 42.27375 ], [ -70.88381, 42.27448 ], [ -70.88733, 42.27309 ], [ -70.8828, 42.26811 ], [ -70.87876, 42.25896 ], [ -70.87553, 42.25686 ], [ -70.87775, 42.24842 ], [ -70.88399, 42.24567 ], [ -70.89112, 42.2508 ], [ -70.89837, 42.25723 ], [ -70.89378, 42.26232 ], [ -70.89982, 42.26115 ], [ -70.90752, 42.26231 ], [ -70.90899, 42.2644 ], [ -70.91739, 42.2639 ], [ -70.91708, 42.2556 ], [ -70.93243, 42.25264 ], [ -70.93349, 42.25 ] ] ] ] } },
{ "type": "Feature", "properties": { "town_name": "Hull", "fill_color": "#AB47BC" }, "geometry": { "type": "MultiPolygon", "coordinates": [ [ [ [ -70.88168, 42.34053 ], [ -70.87439, 42.34267 ], [ -70.8752, 42.34367 ], [ -70.88158, 42.34147 ], [ -70.88168, 42.34053 ] ] ], [ [ [ -70.89176, 42.33886 ], [ -70.88954, 42.33831 ], [ -70.88478, 42.33933 ], [ -70.89176, 42.33886 ] ] ], [ [ [ -70.89111, 42.32844 ], [ -70.88915, 42.32774 ], [ -70.88895, 42.3289 ], [ -70.89111, 42.32844 ] ] ], [ [ [ -70.89841, 42.34027 ], [ -70.89671, 42.33847 ], [ -70.8946, 42.34031 ], [ -70.8956, 42.34389 ], [ -70.89841, 42.34027 ] ] ], [ [ [ -70.89859, 42.3305 ], [ -70.89608, 42.33036 ], [ -70.89406, 42.33498 ], [ -70.89706, 42.33395 ], [ -70.89859, 42.3305 ] ] ], [ [ [ -70.92344, 42.3024 ], [ -70.91559, 42.30246 ], [ -70.91037, 42.29906 ], [ -70.90395, 42.30169 ], [ -70.88732, 42.29765 ], [ -70.88514, 42.29059 ], [ -70.87828, 42.27831 ], [ -70.8847, 42.27778 ], [ -70.89397, 42.28148 ], [ -70.90152, 42.28269 ], [ -70.90324, 42.28134 ], [ -70.89016, 42.27619 ], [ -70.88733, 42.27309 ], [ -70.88117, 42.27468 ], [ -70.87328, 42.27146 ], [ -70.86722, 42.26699 ], [ -70.86789, 42.26124 ], [ -70.86344, 42.25872 ], [ -70.84836, 42.25834 ], [ -70.84063, 42.26099 ], [ -70.83624, 42.26466 ], [ -70.82699, 42.26437 ], [ -70.82466, 42.26593 ], [ -70.83107, 42.26742 ], [ -70.85109, 42.26827 ], [ -70.86756, 42.28212 ], [ -70.88124, 42.30066 ], [ -70.88268, 42.31039 ], [ -70.88946, 42.31048 ], [ -70.89586, 42.30593 ], [ -70.90756, 42.30789 ], [ -70.92392, 42.30503 ], [ -70.92344, 42.3024 ] ] ], [ [ [ -70.94902, 42.28595 ], [ -70.94256, 42.28752 ], [ -70.93733, 42.28492 ], [ -70.93531, 42.29193 ], [ -70.92664, 42.2992 ], [ -70.92638, 42.30141 ], [ -70.92936, 42.30332 ], [ -70.93527, 42.3021 ], [ -70.9357, 42.29652 ], [ -70.94165, 42.29221 ], [ -70.94864, 42.29164 ], [ -70.95108, 42.28973 ], [ -70.94902, 42.28595 ] ] ] ] } },
{ "type": "Feature", "properties": { "town_name": "Mattapoisett", "fill_color": "#AB47BC" }, "geometry": { "type": "MultiPolygon", "coordinates": [ [ [ [ -70.865, 41.70016 ], [ -70.84524, 41.64466 ], [ -70.84318, 41.62849 ], [ -70.8353, 41.62453 ], [ -70.82777, 41.62463 ], [ -70.82207, 41.62749 ], [ -70.81768, 41.62343 ], [ -70.81028, 41.62487 ], [ -70.80106, 41.62951 ], [ -70.80129, 41.63402 ], [ -70.80466, 41.64116 ], [ -70.82326, 41.64898 ], [ -70.8216, 41.65484 ], [ -70.809, 41.65839 ], [ -70.79522, 41.65093 ], [ -70.79083, 41.65323 ], [ -70.77671, 41.65076 ], [ -70.76932, 41.64115 ], [ -70.76546, 41.64157 ], [ -70.76836, 41.64578 ], [ -70.76646, 41.64845 ], [ -70.76218, 41.64827 ], [ -70.76242, 41.65271 ], [ -70.75706, 41.65289 ], [ -70.7582, 41.66122 ], [ -70.76236, 41.66774 ], [ -70.75671, 41.66691 ], [ -70.76186, 41.67293 ], [ -70.76317, 41.67731 ], [ -70.78607, 41.67443 ], [ -70.80294, 41.68708 ], [ -70.79907, 41.71011 ], [ -70.84346, 41.70534 ], [ -70.84308, 41.70162 ], [ -70.865, 41.70016 ] ] ] ] } },
{ "type": "Feature", "properties": { "town_name": "Middleborough", "fill_color": "transparent" }, "geometry": { "type": "MultiPolygon", "coordinates": [ [ [ [ -70.99963, 41.92846 ], [ -70.99553, 41.92505 ], [ -70.9974, 41.9184 ], [ -70.99508, 41.91497 ], [ -70.99328, 41.91647 ], [ -70.99115, 41.90913 ], [ -70.99315, 41.90644 ], [ -70.98726, 41.90581 ], [ -70.98516, 41.90745 ], [ -70.97666, 41.90138 ], [ -70.96713, 41.90125 ], [ -70.96334, 41.89639 ], [ -70.91643, 41.8769 ], [ -70.91633, 41.87257 ], [ -70.91318, 41.86994 ], [ -70.91674, 41.86736 ], [ -70.91432, 41.862 ], [ -70.91454, 41.85959 ], [ -70.91775, 41.85872 ], [ -70.91873, 41.85206 ], [ -70.89397, 41.82888 ], [ -70.89862, 41.81509 ], [ -70.8964, 41.79432 ], [ -70.76318, 41.80979 ], [ -70.77234, 41.83177 ], [ -70.77903, 41.83164 ], [ -70.77994, 41.83355 ], [ -70.78456, 41.83374 ], [ -70.78971, 41.83797 ], [ -70.78841, 41.84119 ], [ -70.79084, 41.84345 ], [ -70.79023, 41.84615 ], [ -70.79485, 41.85083 ], [ -70.79393, 41.85727 ], [ -70.7972, 41.86125 ], [ -70.80155, 41.86227 ], [ -70.80918, 41.86869 ], [ -70.81178, 41.87359 ], [ -70.80248, 41.8753 ], [ -70.8155, 41.91363 ], [ -70.84564, 41.94272 ], [ -70.86088, 41.95499 ], [ -70.86913, 41.94828 ], [ -70.90853, 41.96639 ], [ -70.91083, 41.96601 ], [ -70.90985, 41.96418 ], [ -70.91481, 41.96214 ], [ -70.91355, 41.96131 ], [ -70.92179, 41.96248 ], [ -70.92378, 41.95902 ], [ -70.92824, 41.96018 ], [ -70.93393, 41.95703 ], [ -70.93863, 41.9415 ], [ -70.94595, 41.93283 ], [ -70.9543, 41.93462 ], [ -70.95931, 41.93479 ], [ -70.97339, 41.94005 ], [ -70.97922, 41.94045 ], [ -70.98726, 41.93748 ], [ -70.98955, 41.93201 ], [ -70.99752, 41.93424 ], [ -70.99963, 41.92846 ] ] ] ] } },
{ "type": "Feature", "properties": { "town_name": "Norwell", "fill_color": "#009688" }, "geometry": { "type": "MultiPolygon", "coordinates": [ [ [ [ -70.89029, 42.17174 ], [ -70.88431, 42.15372 ], [ -70.84724, 42.15821 ], [ -70.83846, 42.14538 ], [ -70.83488, 42.13718 ], [ -70.83235, 42.13301 ], [ -70.82676, 42.13183 ], [ -70.81898, 42.13282 ], [ -70.81977, 42.13208 ], [ -70.8165, 42.13145 ], [ -70.81384, 42.12692 ], [ -70.80912, 42.12452 ], [ -70.80821, 42.12018 ], [ -70.81015, 42.11804 ], [ -70.80873, 42.11465 ], [ -70.80498, 42.1144 ], [ -70.80385, 42.11148 ], [ -70.80057, 42.10971 ], [ -70.79844, 42.11239 ], [ -70.79267, 42.10617 ], [ -70.7897, 42.10642 ], [ -70.79231, 42.10886 ], [ -70.79023, 42.10865 ], [ -70.78855, 42.11128 ], [ -70.78301, 42.11201 ], [ -70.7823, 42.11675 ], [ -70.77936, 42.11564 ], [ -70.77712, 42.11675 ], [ -70.77756, 42.12082 ], [ -70.7793, 42.12148 ], [ -70.7779, 42.12492 ], [ -70.77924, 42.12963 ], [ -70.78124, 42.12964 ], [ -70.78185, 42.13125 ], [ -70.77987, 42.13235 ], [ -70.78062, 42.13716 ], [ -70.783, 42.13927 ], [ -70.78292, 42.14169 ], [ -70.78778, 42.14495 ], [ -70.78531, 42.14978 ], [ -70.78352, 42.14999 ], [ -70.78196, 42.15639 ], [ -70.76837, 42.15413 ], [ -70.76465, 42.15879 ], [ -70.76181, 42.15695 ], [ -70.76019, 42.15925 ], [ -70.75539, 42.1594 ], [ -70.75239, 42.16394 ], [ -70.77886, 42.18419 ], [ -70.81342, 42.19534 ], [ -70.83886, 42.19481 ], [ -70.87025, 42.18247 ], [ -70.89029, 42.17174 ] ] ] ] } },
{ "type": "Feature", "properties": { "town_name": "Wareham", "fill_color": "transparent" }, "geometry": { "type": "MultiPolygon", "coordinates": [ [ [ [ -70.78164, 41.75202 ], [ -70.77852, 41.74376 ], [ -70.77428, 41.73825 ], [ -70.775, 41.73428 ], [ -70.77331, 41.73413 ], [ -70.76838, 41.73395 ], [ -70.76186, 41.73932 ], [ -70.75956, 41.73974 ], [ -70.75952, 41.74223 ], [ -70.75558, 41.74219 ], [ -70.75039, 41.73794 ], [ -70.74668, 41.7381 ], [ -70.74302, 41.73475 ], [ -70.74449, 41.73258 ], [ -70.74256, 41.73067 ], [ -70.73858, 41.73124 ], [ -70.72678, 41.72398 ], [ -70.72095, 41.72322 ], [ -70.72082, 41.72761 ], [ -70.72633, 41.73273 ], [ -70.71874, 41.73574 ], [ -70.71512, 41.7324 ], [ -70.70819, 41.73096 ], [ -70.70617, 41.72898 ], [ -70.69705, 41.7292 ], [ -70.68826, 41.7237 ], [ -70.68588, 41.72708 ], [ -70.67923, 41.72743 ], [ -70.66401, 41.7162 ], [ -70.6566, 41.7154 ], [ -70.65621, 41.71339 ], [ -70.67614, 41.69265 ], [ -70.67406, 41.69137 ], [ -70.65047, 41.71342 ], [ -70.6488, 41.71803 ], [ -70.64307, 41.7176 ], [ -70.63939, 41.72802 ], [ -70.63258, 41.73366 ], [ -70.63271, 41.73776 ], [ -70.62599, 41.74497 ], [ -70.62078, 41.74753 ], [ -70.62516, 41.75114 ], [ -70.62998, 41.76113 ], [ -70.63631, 41.76896 ], [ -70.63008, 41.77449 ], [ -70.62906, 41.7794 ], [ -70.6305, 41.78437 ], [ -70.63064, 41.78688 ], [ -70.62739, 41.78734 ], [ -70.61663, 41.80541 ], [ -70.64356, 41.80568 ], [ -70.74087, 41.80033 ], [ -70.77026, 41.82578 ], [ -70.76318, 41.80979 ], [ -70.77174, 41.80892 ], [ -70.77286, 41.8021 ], [ -70.77792, 41.79594 ], [ -70.77449, 41.76956 ], [ -70.78164, 41.75202 ] ] ] ] } },
{ "type": "Feature", "properties": { "town_name": "Revere", "fill_color": "transparent" }, "geometry": { "type": "MultiPolygon", "coordinates": [ [ [ [ -71.03318, 42.41421 ], [ -71.02689, 42.40655 ], [ -71.02163, 42.40519 ], [ -71.02083, 42.40351 ], [ -71.01086, 42.40169 ], [ -71.00963, 42.40017 ], [ -71.0134, 42.3974 ], [ -71.00586, 42.39389 ], [ -71.00141, 42.39674 ], [ -70.99648, 42.39631 ], [ -70.99505, 42.39357 ], [ -70.98797, 42.39282 ], [ -70.98605, 42.38812 ], [ -70.98051, 42.39168 ], [ -70.98507, 42.40204 ], [ -70.98919, 42.4026 ], [ -70.99056, 42.40721 ], [ -70.9837, 42.42289 ], [ -70.97551, 42.43158 ], [ -70.95993, 42.44122 ], [ -70.96654, 42.44245 ], [ -70.96859, 42.4444 ], [ -70.97159, 42.4427 ], [ -70.97945, 42.43281 ], [ -70.98371, 42.43166 ], [ -70.99012, 42.43488 ], [ -70.99723, 42.43105 ], [ -71.01078, 42.43457 ], [ -71.0101, 42.43819 ], [ -71.01227, 42.43972 ], [ -71.00967, 42.44105 ], [ -71.01876, 42.45012 ], [ -71.02584, 42.44471 ], [ -71.02038, 42.43825 ], [ -71.03318, 42.41421 ] ] ] ] } },
{ "type": "Feature", "properties": { "town_name": "Winthrop Town", "fill_color": "transparent" }, "geometry": { "type": "MultiPolygon", "coordinates": [ [ [ [ -71.01036, 42.36503 ], [ -71.00162, 42.36468 ], [ -71.00282, 42.36594 ], [ -71.00024, 42.37242 ], [ -70.99459, 42.37148 ], [ -70.98813, 42.36851 ], [ -70.97283, 42.37193 ], [ -70.97128, 42.36948 ], [ -70.97538, 42.36229 ], [ -70.97241, 42.35722 ], [ -70.97002, 42.35528 ], [ -70.96687, 42.35706 ], [ -70.96921, 42.36425 ], [ -70.96734, 42.369 ], [ -70.97271, 42.38176 ], [ -70.97177, 42.38549 ], [ -70.96727, 42.38823 ], [ -70.9686, 42.39011 ], [ -70.9758, 42.38946 ], [ -70.98051, 42.39168 ], [ -70.98828, 42.38711 ], [ -70.99424, 42.38465 ], [ -70.99463, 42.38271 ], [ -70.99799, 42.3782 ], [ -71.00612, 42.37605 ], [ -71.01036, 42.36503 ] ] ] ] } },
{ "type": "Feature", "properties": { "town_name": "Braintree Town", "fill_color": "#009688" }, "geometry": { "type": "MultiPolygon", "coordinates": [ [ [ [ -71.04949, 42.20667 ], [ -71.04727, 42.19459 ], [ -71.02959, 42.19153 ], [ -71.01928, 42.18692 ], [ -71.02199, 42.169 ], [ -70.97648, 42.16832 ], [ -70.97172, 42.19988 ], [ -70.96702, 42.22335 ], [ -70.96089, 42.2269 ], [ -70.96049, 42.2351 ], [ -70.96799, 42.238 ], [ -70.97276, 42.23715 ], [ -70.9775, 42.23837 ], [ -70.98115, 42.23574 ], [ -71.00685, 42.23028 ], [ -71.01079, 42.22867 ], [ -71.033, 42.22788 ], [ -71.04494, 42.21538 ], [ -71.04494, 42.20648 ], [ -71.04949, 42.20667 ] ] ] ] } },
{ "type": "Feature", "properties": { "town_name": "Dover", "fill_color": "#009688" }, "geometry": { "type": "MultiPolygon", "coordinates": [ [ [ [ -71.34317, 42.22061 ], [ -71.3385, 42.21523 ], [ -71.27106, 42.21563 ], [ -71.26809, 42.20958 ], [ -71.26957, 42.2005 ], [ -71.26137, 42.20404 ], [ -71.25142, 42.20261 ], [ -71.23228, 42.25842 ], [ -71.23648, 42.25982 ], [ -71.24709, 42.25804 ], [ -71.24884, 42.25559 ], [ -71.25659, 42.25484 ], [ -71.26545, 42.25993 ], [ -71.26485, 42.25535 ], [ -71.27073, 42.25764 ], [ -71.27215, 42.26206 ], [ -71.27953, 42.2601 ], [ -71.28651, 42.26606 ], [ -71.28986, 42.26597 ], [ -71.29194, 42.26728 ], [ -71.29486, 42.26493 ], [ -71.29644, 42.26701 ], [ -71.30098, 42.26698 ], [ -71.2976, 42.27236 ], [ -71.29484, 42.27305 ], [ -71.29947, 42.27476 ], [ -71.29822, 42.28176 ], [ -71.29995, 42.28291 ], [ -71.30464, 42.27836 ], [ -71.3093, 42.27638 ], [ -71.30292, 42.24827 ], [ -71.3325, 42.24907 ], [ -71.32944, 42.2453 ], [ -71.33118, 42.23758 ], [ -71.3297, 42.23333 ], [ -71.34101, 42.22447 ], [ -71.34317, 42.22061 ] ] ] ] } },
{ "type": "Feature", "properties": { "town_name": "Medway", "fill_color": "#009688" }, "geometry": { "type": "MultiPolygon", "coordinates": [ [ [ [ -71.47852, 42.13138 ], [ -71.44238, 42.13562 ], [ -71.43392, 42.13512 ], [ -71.4311, 42.13819 ], [ -71.41894, 42.13879 ], [ -71.41848, 42.1365 ], [ -71.41519, 42.13825 ], [ -71.41586, 42.13581 ], [ -71.41391, 42.13385 ], [ -71.40895, 42.13414 ], [ -71.40234, 42.13954 ], [ -71.3971, 42.13732 ], [ -71.3821, 42.13555 ], [ -71.38282, 42.13316 ], [ -71.38019, 42.13293 ], [ -71.3798, 42.13559 ], [ -71.37562, 42.13545 ], [ -71.4023, 42.17879 ], [ -71.42355, 42.17813 ], [ -71.42373, 42.17925 ], [ -71.43017, 42.17939 ], [ -71.44407, 42.17489 ], [ -71.46401, 42.1582 ], [ -71.47812, 42.15678 ], [ -71.47852, 42.13138 ] ] ] ] } },
{ "type": "Feature", "properties": { "town_name": "Needham", "fill_color": "#009688" }, "geometry": { "type": "MultiPolygon", "coordinates": [ [ [ [ -71.30098, 42.26698 ], [ -71.29528, 42.26669 ], [ -71.29486, 42.26493 ], [ -71.29194, 42.26728 ], [ -71.28752, 42.26523 ], [ -71.28651, 42.26606 ], [ -71.27953, 42.2601 ], [ -71.27215, 42.26206 ], [ -71.27056, 42.26095 ], [ -71.27073, 42.25764 ], [ -71.26485, 42.25535 ], [ -71.26545, 42.25993 ], [ -71.25659, 42.25484 ], [ -71.24884, 42.25559 ], [ -71.24521, 42.25925 ], [ -71.23648, 42.25982 ], [ -71.23228, 42.25842 ], [ -71.22917, 42.26415 ], [ -71.22376, 42.2629 ], [ -71.21957, 42.26382 ], [ -71.21811, 42.26865 ], [ -71.20328, 42.26725 ], [ -71.19669, 42.26922 ], [ -71.18821, 42.28044 ], [ -71.19125, 42.28299 ], [ -71.19089, 42.28582 ], [ -71.19527, 42.28797 ], [ -71.19579, 42.2862 ], [ -71.20524, 42.28957 ], [ -71.20788, 42.29716 ], [ -71.21156, 42.29973 ], [ -71.21327, 42.30616 ], [ -71.22669, 42.30825 ], [ -71.22754, 42.3154 ], [ -71.23269, 42.31634 ], [ -71.29975, 42.26961 ], [ -71.30098, 42.26698 ] ] ] ] } },
{ "type": "Feature", "properties": { "town_name": "Norwood", "fill_color": "transparent" }, "geometry": { "type": "MultiPolygon", "coordinates": [ [ [ [ -71.23834, 42.18279 ], [ -71.23363, 42.18139 ], [ -71.22611, 42.1718 ], [ -71.22188, 42.1711 ], [ -71.22004, 42.1684 ], [ -71.21343, 42.1687 ], [ -71.20115, 42.15838 ], [ -71.19445, 42.14992 ], [ -71.18689, 42.15326 ], [ -71.18869, 42.16113 ], [ -71.17825, 42.16581 ], [ -71.17738, 42.16395 ], [ -71.1762, 42.16597 ], [ -71.17356, 42.16597 ], [ -71.17347, 42.16778 ], [ -71.16831, 42.16916 ], [ -71.16875, 42.17231 ], [ -71.16345, 42.17379 ], [ -71.1654, 42.17493 ], [ -71.1634, 42.17599 ], [ -71.16701, 42.1775 ], [ -71.16606, 42.17836 ], [ -71.16795, 42.17897 ], [ -71.16402, 42.1813 ], [ -71.16538, 42.18223 ], [ -71.16284, 42.18507 ], [ -71.16376, 42.18755 ], [ -71.16026, 42.18847 ], [ -71.15763, 42.19529 ], [ -71.15483, 42.19694 ], [ -71.17867, 42.2123 ], [ -71.19816, 42.21348 ], [ -71.2107, 42.20884 ], [ -71.23834, 42.18279 ] ] ] ] } },
{ "type": "Feature", "properties": { "town_name": "Quincy", "fill_color": "#AB47BC" }, "geometry": { "type": "MultiPolygon", "coordinates": [ [ [ [ -71.08242, 42.20461 ], [ -71.06512, 42.20545 ], [ -71.04494, 42.20648 ], [ -71.04494, 42.21538 ], [ -71.033, 42.22788 ], [ -71.00834, 42.22967 ], [ -70.99619, 42.2332 ], [ -70.97991, 42.23621 ], [ -70.9775, 42.23837 ], [ -70.97276, 42.23715 ], [ -70.96799, 42.238 ], [ -70.96712, 42.24426 ], [ -70.96541, 42.24679 ], [ -70.96213, 42.24644 ], [ -70.96019, 42.25188 ], [ -70.95727, 42.25499 ], [ -70.95839, 42.25669 ], [ -70.9602, 42.25577 ], [ -70.96581, 42.25776 ], [ -70.96424, 42.26059 ], [ -70.95936, 42.2626 ], [ -70.9518, 42.26056 ], [ -70.94928, 42.2742 ], [ -70.95489, 42.28047 ], [ -70.9541, 42.27479 ], [ -70.95724, 42.27058 ], [ -70.96488, 42.26897 ], [ -70.97336, 42.26301 ], [ -70.98071, 42.26532 ], [ -70.98667, 42.26467 ], [ -70.996, 42.26684 ], [ -70.99834, 42.27241 ], [ -71.01725, 42.28135 ], [ -71.02231, 42.28819 ], [ -71.02021, 42.29049 ], [ -71.0112, 42.29101 ], [ -71.00462, 42.29448 ], [ -71.00611, 42.29713 ], [ -71.00521, 42.3006 ], [ -70.99025, 42.30407 ], [ -70.98743, 42.30608 ], [ -70.99047, 42.30802 ], [ -71.00131, 42.30345 ], [ -71.0091, 42.30225 ], [ -71.01067, 42.30433 ], [ -71.0139, 42.30343 ], [ -71.01465, 42.30023 ], [ -71.02152, 42.29435 ], [ -71.02337, 42.29447 ], [ -71.0233, 42.29795 ], [ -71.03039, 42.3005 ], [ -71.0368, 42.30139 ], [ -71.03905, 42.30014 ], [ -71.03211, 42.28856 ], [ -71.03281, 42.2863 ], [ -71.03908, 42.28397 ], [ -71.04278, 42.2771 ], [ -71.04025, 42.26543 ], [ -71.03139, 42.25921 ], [ -71.06109, 42.24238 ], [ -71.05325, 42.22953 ], [ -71.09319, 42.21394 ], [ -71.08242, 42.20461 ] ] ] ] } },
{ "type": "Feature", "properties": { "town_name": "Walpole", "fill_color": "#009688" }, "geometry": { "type": "MultiPolygon", "coordinates": [ [ [ [ -71.30012, 42.14718 ], [ -71.29908, 42.1393 ], [ -71.30171, 42.13637 ], [ -71.29894, 42.1265 ], [ -71.30022, 42.12591 ], [ -71.28829, 42.10289 ], [ -71.28027, 42.08849 ], [ -71.27174, 42.09844 ], [ -71.2533, 42.10534 ], [ -71.2388, 42.1064 ], [ -71.23799, 42.1129 ], [ -71.23987, 42.12067 ], [ -71.23164, 42.1239 ], [ -71.23347, 42.12857 ], [ -71.2304, 42.13257 ], [ -71.19445, 42.14992 ], [ -71.20406, 42.16023 ], [ -71.21343, 42.1687 ], [ -71.22004, 42.1684 ], [ -71.22188, 42.1711 ], [ -71.22611, 42.1718 ], [ -71.23363, 42.18139 ], [ -71.24091, 42.18428 ], [ -71.24344, 42.19615 ], [ -71.25135, 42.20253 ], [ -71.26137, 42.20404 ], [ -71.26957, 42.2005 ], [ -71.27567, 42.18167 ], [ -71.27502, 42.14862 ], [ -71.30375, 42.1495 ], [ -71.30012, 42.14718 ] ] ] ] } },
{ "type": "Feature", "properties": { "town_name": "Westwood", "fill_color": "#009688" }, "geometry": { "type": "MultiPolygon", "coordinates": [ [ [ [ -71.23172, 42.25927 ], [ -71.25099, 42.20146 ], [ -71.24344, 42.19615 ], [ -71.24091, 42.18428 ], [ -71.23834, 42.18279 ], [ -71.2107, 42.20884 ], [ -71.19645, 42.21389 ], [ -71.17867, 42.2123 ], [ -71.15483, 42.19694 ], [ -71.14567, 42.20607 ], [ -71.14842, 42.20639 ], [ -71.14592, 42.20923 ], [ -71.16672, 42.2236 ], [ -71.18607, 42.22863 ], [ -71.20568, 42.24304 ], [ -71.23172, 42.25927 ] ] ] ] } },
{ "type": "Feature", "properties": { "town_name": "Weymouth Town", "fill_color": "transparent" }, "geometry": { "type": "MultiPolygon", "coordinates": [ [ [ [ -70.98127, 42.13551 ], [ -70.92488, 42.15758 ], [ -70.92137, 42.18098 ], [ -70.91474, 42.22511 ], [ -70.92349, 42.2259 ], [ -70.92239, 42.2293 ], [ -70.93129, 42.2443 ], [ -70.93119, 42.2486 ], [ -70.93349, 42.25 ], [ -70.93243, 42.25264 ], [ -70.91708, 42.2556 ], [ -70.91739, 42.2639 ], [ -70.90899, 42.2644 ], [ -70.90942, 42.26829 ], [ -70.91824, 42.27186 ], [ -70.9259, 42.26917 ], [ -70.92483, 42.26334 ], [ -70.92723, 42.25738 ], [ -70.93616, 42.25682 ], [ -70.94922, 42.24976 ], [ -70.95746, 42.24734 ], [ -70.95949, 42.24533 ], [ -70.96541, 42.24679 ], [ -70.96859, 42.2404 ], [ -70.96799, 42.238 ], [ -70.96049, 42.2351 ], [ -70.96089, 42.2269 ], [ -70.96809, 42.22152 ], [ -70.98127, 42.13551 ] ] ] ] } },
{ "type": "Feature", "properties": { "town_name": "Lexington", "fill_color": "#009688" }, "geometry": { "type": "MultiPolygon", "coordinates": [ [ [ [ -71.27269, 42.4597 ], [ -71.26615, 42.42992 ], [ -71.26723, 42.42444 ], [ -71.21126, 42.40607 ], [ -71.17789, 42.4402 ], [ -71.18571, 42.445 ], [ -71.18963, 42.44983 ], [ -71.20614, 42.46299 ], [ -71.20432, 42.46585 ], [ -71.21022, 42.47073 ], [ -71.21224, 42.46635 ], [ -71.24091, 42.49001 ], [ -71.25199, 42.48501 ], [ -71.25669, 42.47846 ], [ -71.26242, 42.4749 ], [ -71.27269, 42.4597 ] ] ] ] } },
{ "type": "Feature", "properties": { "town_name": "Lowell", "fill_color": "transparent" }, "geometry": { "type": "MultiPolygon", "coordinates": [ [ [ [ -71.38247, 42.65277 ], [ -71.37425, 42.63942 ], [ -71.36435, 42.6367 ], [ -71.35994, 42.62597 ], [ -71.32565, 42.61316 ], [ -71.32381, 42.60757 ], [ -71.3199, 42.6069 ], [ -71.31931, 42.61357 ], [ -71.29637, 42.61468 ], [ -71.29632, 42.61267 ], [ -71.28343, 42.6153 ], [ -71.27642, 42.6244 ], [ -71.27155, 42.64619 ], [ -71.27515, 42.65622 ], [ -71.28601, 42.64956 ], [ -71.28787, 42.65025 ], [ -71.30064, 42.66629 ], [ -71.35752, 42.65445 ], [ -71.36888, 42.66175 ], [ -71.3782, 42.66069 ], [ -71.38247, 42.65277 ] ] ] ] } },
{ "type": "Feature", "properties": { "town_name": "Shirley", "fill_color": "transparent" }, "geometry": { "type": "MultiPolygon", "coordinates": [ [ [ [ -71.67897, 42.53043 ], [ -71.63587, 42.52402 ], [ -71.63921, 42.53096 ], [ -71.63643, 42.53437 ], [ -71.63589, 42.54 ], [ -71.62513, 42.5501 ], [ -71.61555, 42.55364 ], [ -71.61083, 42.55476 ], [ -71.61251, 42.55892 ], [ -71.60663, 42.56632 ], [ -71.61126, 42.56838 ], [ -71.61248, 42.57184 ], [ -71.61596, 42.57493 ], [ -71.6096, 42.57811 ], [ -71.60919, 42.58122 ], [ -71.61085, 42.58114 ], [ -71.61083, 42.58259 ], [ -71.61348, 42.58156 ], [ -71.61527, 42.58605 ], [ -71.61825, 42.58625 ], [ -71.62414, 42.59096 ], [ -71.62331, 42.59283 ], [ -71.62665, 42.59477 ], [ -71.62619, 42.5984 ], [ -71.62893, 42.60229 ], [ -71.63008, 42.60711 ], [ -71.63537, 42.61075 ], [ -71.63384, 42.61252 ], [ -71.64232, 42.61461 ], [ -71.64467, 42.6181 ], [ -71.64421, 42.62224 ], [ -71.64656, 42.62629 ], [ -71.6478, 42.62483 ], [ -71.65308, 42.63056 ], [ -71.66047, 42.63509 ], [ -71.67897, 42.53043 ] ] ] ] } },
{ "type": "Feature", "properties": { "town_name": "Stow", "fill_color": "#009688" }, "geometry": { "type": "MultiPolygon", "coordinates": [ [ [ [ -71.5591, 42.41194 ], [ -71.52805, 42.40152 ], [ -71.52682, 42.39607 ], [ -71.51792, 42.39815 ], [ -71.50385, 42.39748 ], [ -71.50045, 42.39542 ], [ -71.49298, 42.3964 ], [ -71.49088, 42.39523 ], [ -71.48695, 42.39602 ], [ -71.48612, 42.39327 ], [ -71.47268, 42.39003 ], [ -71.46944, 42.40259 ], [ -71.47838, 42.4371 ], [ -71.46435, 42.4503 ], [ -71.49855, 42.46378 ], [ -71.54339, 42.46645 ], [ -71.5591, 42.41194 ] ] ] ] } },
{ "type": "Feature", "properties": { "town_name": "Tewksbury", "fill_color": "transparent" }, "geometry": { "type": "MultiPolygon", "coordinates": [ [ [ [ -71.29632, 42.61267 ], [ -71.19253, 42.56454 ], [ -71.1752, 42.59227 ], [ -71.16556, 42.59762 ], [ -71.18135, 42.60837 ], [ -71.17749, 42.60896 ], [ -71.17839, 42.6108 ], [ -71.17612, 42.61461 ], [ -71.17176, 42.61654 ], [ -71.25619, 42.65715 ], [ -71.26435, 42.65767 ], [ -71.27515, 42.65622 ], [ -71.27119, 42.64424 ], [ -71.27779, 42.62085 ], [ -71.28343, 42.6153 ], [ -71.29632, 42.61267 ] ] ] ] } },
{ "type": "Feature", "properties": { "town_name": "Wakefield", "fill_color": "#AB47BC" }, "geometry": { "type": "MultiPolygon", "coordinates": [ [ [ [ -71.10073, 42.50224 ], [ -71.09007, 42.50118 ], [ -71.08536, 42.4922 ], [ -71.07524, 42.48801 ], [ -71.07815, 42.47402 ], [ -71.06746, 42.47187 ], [ -71.06136, 42.47266 ], [ -71.06132, 42.4742 ], [ -71.05336, 42.47592 ], [ -71.05263, 42.48606 ], [ -71.04521, 42.48872 ], [ -71.03991, 42.49595 ], [ -71.04377, 42.5012 ], [ -71.03584, 42.50519 ], [ -71.0349, 42.50676 ], [ -71.03663, 42.51177 ], [ -71.03948, 42.51454 ], [ -71.0383, 42.51626 ], [ -71.04099, 42.51985 ], [ -71.0386, 42.52396 ], [ -71.04098, 42.52626 ], [ -71.05872, 42.52374 ], [ -71.06067, 42.52523 ], [ -71.06727, 42.52498 ], [ -71.07515, 42.53103 ], [ -71.08109, 42.52547 ], [ -71.08373, 42.52526 ], [ -71.09746, 42.51025 ], [ -71.09429, 42.50709 ], [ -71.09964, 42.50643 ], [ -71.10073, 42.50224 ] ] ] ] } },
{ "type": "Feature", "properties": { "town_name": "Wayland", "fill_color": "#009688" }, "geometry": { "type": "MultiPolygon", "coordinates": [ [ [ [ -71.39798, 42.34322 ], [ -71.39501, 42.33592 ], [ -71.38887, 42.33745 ], [ -71.3818, 42.32852 ], [ -71.37769, 42.31467 ], [ -71.3734, 42.30985 ], [ -71.37061, 42.31026 ], [ -71.36308, 42.31585 ], [ -71.3552, 42.31717 ], [ -71.34589, 42.31493 ], [ -71.33752, 42.32513 ], [ -71.33375, 42.3324 ], [ -71.32878, 42.33168 ], [ -71.33588, 42.39394 ], [ -71.3326, 42.39944 ], [ -71.36743, 42.41214 ], [ -71.36734, 42.41088 ], [ -71.37474, 42.40715 ], [ -71.36809, 42.40392 ], [ -71.37008, 42.40106 ], [ -71.36723, 42.4002 ], [ -71.37, 42.39852 ], [ -71.36178, 42.39601 ], [ -71.36194, 42.39208 ], [ -71.36531, 42.39123 ], [ -71.36572, 42.3894 ], [ -71.36901, 42.38986 ], [ -71.37009, 42.38854 ], [ -71.37215, 42.38937 ], [ -71.37282, 42.38721 ], [ -71.37547, 42.38868 ], [ -71.38404, 42.37998 ], [ -71.38348, 42.37661 ], [ -71.38781, 42.37528 ], [ -71.3867, 42.37305 ], [ -71.38878, 42.37148 ], [ -71.38742, 42.36995 ], [ -71.39012, 42.36786 ], [ -71.39003, 42.36523 ], [ -71.39167, 42.36098 ], [ -71.38772, 42.34483 ], [ -71.39388, 42.34397 ], [ -71.39798, 42.34322 ] ], [ [ -71.39003, 42.36523 ], [ -71.38407, 42.36576 ], [ -71.3834, 42.36278 ], [ -71.38605, 42.36128 ], [ -71.39003, 42.36523 ] ] ] ] } },
{ "type": "Feature", "properties": { "town_name": "Nantucket", "fill_color": "transparent" }, "geometry": { "type": "MultiPolygon", "coordinates": [ [ [ [ -70.23714, 41.28512 ], [ -70.21265, 41.2737 ], [ -70.16296, 41.25527 ], [ -70.11867, 41.24235 ], [ -70.09786, 41.24115 ], [ -70.08349, 41.24477 ], [ -70.05318, 41.24403 ], [ -70.01523, 41.23796 ], [ -69.98501, 41.24404 ], [ -69.97498, 41.24653 ], [ -69.96413, 41.25538 ], [ -69.96018, 41.26455 ], [ -69.96028, 41.27873 ], [ -70.02038, 41.36901 ], [ -70.04274, 41.38931 ], [ -70.04905, 41.3917 ], [ -70.04956, 41.3879 ], [ -70.04152, 41.38154 ], [ -70.03464, 41.37899 ], [ -70.02403, 41.36861 ], [ -70.02442, 41.36062 ], [ -70.03133, 41.33933 ], [ -70.04609, 41.32165 ], [ -70.06256, 41.30873 ], [ -70.08207, 41.29909 ], [ -70.10442, 41.29733 ], [ -70.10961, 41.29538 ], [ -70.12446, 41.29385 ], [ -70.18699, 41.29451 ], [ -70.19341, 41.29673 ], [ -70.19911, 41.29619 ], [ -70.20743, 41.28869 ], [ -70.2022, 41.28797 ], [ -70.19562, 41.29049 ], [ -70.19189, 41.28614 ], [ -70.19389, 41.28029 ], [ -70.20173, 41.27654 ], [ -70.21053, 41.27576 ], [ -70.21504, 41.27958 ], [ -70.23405, 41.28565 ], [ -70.23714, 41.28512 ] ] ], [ [ [ -70.27726, 41.31051 ], [ -70.26862, 41.30177 ], [ -70.25254, 41.29303 ], [ -70.24767, 41.28864 ], [ -70.24274, 41.28919 ], [ -70.24249, 41.29422 ], [ -70.23982, 41.29582 ], [ -70.24281, 41.30338 ], [ -70.25348, 41.30864 ], [ -70.26539, 41.31137 ], [ -70.27726, 41.31051 ] ] ], [ [ [ -70.30924, 41.33458 ], [ -70.307, 41.33239 ], [ -70.29086, 41.33366 ], [ -70.28972, 41.33632 ], [ -70.29203, 41.33779 ], [ -70.3081, 41.33768 ], [ -70.30924, 41.33458 ] ] ] ] } },
{ "type": "Feature", "properties": { "town_name": "Agawam Town", "fill_color": "transparent" }, "geometry": { "type": "MultiPolygon", "coordinates": [ [ [ [ -72.71456, 42.0366 ], [ -72.68608, 42.03597 ], [ -72.60799, 42.0308 ], [ -72.60668, 42.04707 ], [ -72.58789, 42.07414 ], [ -72.58271, 42.07978 ], [ -72.58491, 42.08884 ], [ -72.58852, 42.09323 ], [ -72.59176, 42.09202 ], [ -72.59587, 42.09386 ], [ -72.59884, 42.09317 ], [ -72.6013, 42.08599 ], [ -72.60956, 42.08861 ], [ -72.62091, 42.08765 ], [ -72.62898, 42.09113 ], [ -72.63109, 42.09517 ], [ -72.62963, 42.09779 ], [ -72.63335, 42.10062 ], [ -72.6394, 42.09888 ], [ -72.6547, 42.09762 ], [ -72.65922, 42.09505 ], [ -72.66152, 42.08481 ], [ -72.66389, 42.08467 ], [ -72.67028, 42.09333 ], [ -72.67572, 42.09841 ], [ -72.67671, 42.10051 ], [ -72.68221, 42.10155 ], [ -72.68353, 42.10705 ], [ -72.69494, 42.10574 ], [ -72.70599, 42.0808 ], [ -72.70955, 42.05207 ], [ -72.71456, 42.0366 ] ] ] ] } },
{ "type": "Feature", "properties": { "town_name": "Hampden", "fill_color": "transparent" }, "geometry": { "type": "MultiPolygon", "coordinates": [ [ [ [ -72.46994, 42.08476 ], [ -72.45829, 42.03432 ], [ -72.36699, 42.03265 ], [ -72.37944, 42.10313 ], [ -72.41454, 42.09922 ], [ -72.41817, 42.09049 ], [ -72.46994, 42.08476 ] ] ] ] } },
{ "type": "Feature", "properties": { "town_name": "Longmeadow", "fill_color": "#009688" }, "geometry": { "type": "MultiPolygon", "coordinates": [ [ [ [ -72.60734, 42.04486 ], [ -72.60696, 42.02513 ], [ -72.58233, 42.0247 ], [ -72.57323, 42.03014 ], [ -72.53149, 42.03399 ], [ -72.53664, 42.06374 ], [ -72.58938, 42.07219 ], [ -72.60342, 42.05296 ], [ -72.60734, 42.04486 ] ] ] ] } },
{ "type": "Feature", "properties": { "town_name": "Southwick", "fill_color": "transparent" }, "geometry": { "type": "MultiPolygon", "coordinates": [ [ [ [ -72.83894, 42.06926 ], [ -72.83413, 42.05833 ], [ -72.83497, 42.03675 ], [ -72.81354, 42.03649 ], [ -72.81674, 41.99766 ], [ -72.76674, 42.00299 ], [ -72.76614, 42.00769 ], [ -72.76326, 42.00974 ], [ -72.76124, 42.01459 ], [ -72.75974, 42.017 ], [ -72.76215, 42.02153 ], [ -72.75815, 42.02087 ], [ -72.75174, 42.03019 ], [ -72.75754, 42.0333 ], [ -72.75584, 42.03619 ], [ -72.71456, 42.0366 ], [ -72.70763, 42.05924 ], [ -72.70599, 42.0808 ], [ -72.83721, 42.10222 ], [ -72.83344, 42.09433 ], [ -72.83241, 42.08417 ], [ -72.83894, 42.06926 ] ] ] ] } },
{ "type": "Feature", "properties": { "town_name": "Westfield", "fill_color": "transparent" }, "geometry": { "type": "MultiPolygon", "coordinates": [ [ [ [ -72.8539, 42.11501 ], [ -72.83932, 42.11173 ], [ -72.83721, 42.10222 ], [ -72.70599, 42.0808 ], [ -72.69303, 42.11267 ], [ -72.69019, 42.12874 ], [ -72.68636, 42.13595 ], [ -72.68669, 42.14388 ], [ -72.68915, 42.14632 ], [ -72.68554, 42.15457 ], [ -72.68686, 42.18339 ], [ -72.70339, 42.18628 ], [ -72.78576, 42.20047 ], [ -72.79789, 42.16586 ], [ -72.80751, 42.15734 ], [ -72.81377, 42.1548 ], [ -72.82894, 42.13699 ], [ -72.83076, 42.1382 ], [ -72.83612, 42.13719 ], [ -72.83612, 42.13434 ], [ -72.84425, 42.13137 ], [ -72.84381, 42.12606 ], [ -72.84633, 42.1265 ], [ -72.85138, 42.12443 ], [ -72.8539, 42.11501 ] ] ] ] } },
{ "type": "Feature", "properties": { "town_name": "Ashby", "fill_color": "transparent" }, "geometry": { "type": "MultiPolygon", "coordinates": [ [ [ [ -71.8971, 42.70373 ], [ -71.86978, 42.68365 ], [ -71.86575, 42.68411 ], [ -71.86375, 42.67955 ], [ -71.85776, 42.67498 ], [ -71.85681, 42.66084 ], [ -71.85848, 42.63381 ], [ -71.84484, 42.63799 ], [ -71.77532, 42.63666 ], [ -71.77256, 42.70801 ], [ -71.89877, 42.71142 ], [ -71.8971, 42.70373 ] ] ] ] } },
{ "type": "Feature", "properties": { "town_name": "Ashland", "fill_color": "#009688" }, "geometry": { "type": "MultiPolygon", "coordinates": [ [ [ [ -71.52276, 42.25521 ], [ -71.486, 42.24696 ], [ -71.48627, 42.23221 ], [ -71.47536, 42.22948 ], [ -71.42007, 42.23812 ], [ -71.4183, 42.2465 ], [ -71.4193, 42.25728 ], [ -71.43113, 42.2635 ], [ -71.46086, 42.2791 ], [ -71.49705, 42.28983 ], [ -71.50588, 42.27294 ], [ -71.50648, 42.26428 ], [ -71.51388, 42.26758 ], [ -71.52218, 42.26645 ], [ -71.52276, 42.25521 ] ] ] ] } },
{ "type": "Feature", "properties": { "town_name": "Belmont", "fill_color": "#009688" }, "geometry": { "type": "MultiPolygon", "coordinates": [ [ [ [ -71.21126, 42.40607 ], [ -71.20197, 42.40278 ], [ -71.19633, 42.39403 ], [ -71.19794, 42.39278 ], [ -71.18924, 42.38073 ], [ -71.17, 42.37781 ], [ -71.15541, 42.37516 ], [ -71.15471, 42.37609 ], [ -71.15562, 42.38148 ], [ -71.1604, 42.38654 ], [ -71.15823, 42.38691 ], [ -71.15839, 42.39459 ], [ -71.15224, 42.40082 ], [ -71.18163, 42.41088 ], [ -71.19452, 42.41494 ], [ -71.19426, 42.41339 ], [ -71.20318, 42.41428 ], [ -71.21126, 42.40607 ] ] ] ] } },
{ "type": "Feature", "properties": { "town_name": "Billerica", "fill_color": "#AB47BC" }, "geometry": { "type": "MultiPolygon", "coordinates": [ [ [ [ -71.33254, 42.56076 ], [ -71.31962, 42.55407 ], [ -71.31439, 42.54955 ], [ -71.31831, 42.54278 ], [ -71.31454, 42.5393 ], [ -71.30718, 42.53322 ], [ -71.30754, 42.53 ], [ -71.30461, 42.52929 ], [ -71.3067, 42.52059 ], [ -71.30351, 42.52007 ], [ -71.27811, 42.52671 ], [ -71.25457, 42.52259 ], [ -71.25014, 42.52573 ], [ -71.24258, 42.51994 ], [ -71.24006, 42.51972 ], [ -71.23692, 42.51149 ], [ -71.2319, 42.50637 ], [ -71.22192, 42.52514 ], [ -71.21796, 42.52405 ], [ -71.20499, 42.54449 ], [ -71.21237, 42.54754 ], [ -71.21052, 42.54805 ], [ -71.20983, 42.55144 ], [ -71.21139, 42.55307 ], [ -71.20887, 42.55454 ], [ -71.21867, 42.56165 ], [ -71.21574, 42.56256 ], [ -71.21513, 42.57054 ], [ -71.2113, 42.57339 ], [ -71.29703, 42.61301 ], [ -71.29426, 42.60557 ], [ -71.33254, 42.56076 ] ] ] ] } },
{ "type": "Feature", "properties": { "town_name": "Boxborough", "fill_color": "#009688" }, "geometry": { "type": "MultiPolygon", "coordinates": [ [ [ [ -71.56037, 42.47435 ], [ -71.54339, 42.46645 ], [ -71.49855, 42.46378 ], [ -71.47353, 42.50018 ], [ -71.50005, 42.50927 ], [ -71.50281, 42.50687 ], [ -71.50908, 42.51004 ], [ -71.51161, 42.50899 ], [ -71.51781, 42.51562 ], [ -71.52984, 42.51984 ], [ -71.56037, 42.47435 ] ] ] ] } },
{ "type": "Feature", "properties": { "town_name": "Carlisle", "fill_color": "#009688" }, "geometry": { "type": "MultiPolygon", "coordinates": [ [ [ [ -71.39951, 42.53401 ], [ -71.39156, 42.50682 ], [ -71.38496, 42.50447 ], [ -71.31754, 42.50242 ], [ -71.31661, 42.50709 ], [ -71.30623, 42.51456 ], [ -71.30674, 42.52269 ], [ -71.30461, 42.52929 ], [ -71.30754, 42.53 ], [ -71.30718, 42.53322 ], [ -71.31831, 42.54278 ], [ -71.31439, 42.54955 ], [ -71.31962, 42.55407 ], [ -71.33254, 42.56076 ], [ -71.3463, 42.56366 ], [ -71.36775, 42.55819 ], [ -71.38836, 42.54995 ], [ -71.38474, 42.5387 ], [ -71.39951, 42.53401 ] ] ] ] } },
{ "type": "Feature", "properties": { "town_name": "Concord", "fill_color": "#009688" }, "geometry": { "type": "MultiPolygon", "coordinates": [ [ [ [ -71.43039, 42.43694 ], [ -71.39626, 42.42402 ], [ -71.36634, 42.41272 ], [ -71.36393, 42.41602 ], [ -71.36457, 42.42008 ], [ -71.35915, 42.42067 ], [ -71.35708, 42.41983 ], [ -71.35256, 42.42692 ], [ -71.33357, 42.43925 ], [ -71.31267, 42.45457 ], [ -71.3048, 42.45276 ], [ -71.30228, 42.46201 ], [ -71.2893, 42.46456 ], [ -71.29872, 42.47291 ], [ -71.30655, 42.47443 ], [ -71.30947, 42.4764 ], [ -71.31377, 42.47418 ], [ -71.32127, 42.48051 ], [ -71.32081, 42.48218 ], [ -71.31699, 42.48418 ], [ -71.3193, 42.48629 ], [ -71.31754, 42.50242 ], [ -71.38496, 42.50447 ], [ -71.43039, 42.43694 ] ] ] ] } },
{ "type": "Feature", "properties": { "town_name": "Everett", "fill_color": "transparent" }, "geometry": { "type": "MultiPolygon", "coordinates": [ [ [ [ -71.07599, 42.39971 ], [ -71.0735, 42.3918 ], [ -71.0727, 42.3908 ], [ -71.06694, 42.39475 ], [ -71.0709, 42.389 ], [ -71.06569, 42.3866 ], [ -71.05552, 42.38712 ], [ -71.05, 42.39347 ], [ -71.0533, 42.39618 ], [ -71.05195, 42.39762 ], [ -71.04814, 42.39663 ], [ -71.03907, 42.40426 ], [ -71.02823, 42.4242 ], [ -71.05066, 42.42275 ], [ -71.06227, 42.4155 ], [ -71.07282, 42.41488 ], [ -71.07199, 42.41188 ], [ -71.07355, 42.40939 ], [ -71.0713, 42.40692 ], [ -71.07599, 42.39971 ] ] ] ] } },
{ "type": "Feature", "properties": { "town_name": "Hudson", "fill_color": "transparent" }, "geometry": { "type": "MultiPolygon", "coordinates": [ [ [ [ -71.60307, 42.36727 ], [ -71.51512, 42.3765 ], [ -71.4755, 42.38066 ], [ -71.47268, 42.39003 ], [ -71.48612, 42.39327 ], [ -71.48695, 42.39602 ], [ -71.49088, 42.39523 ], [ -71.49298, 42.3964 ], [ -71.50045, 42.39542 ], [ -71.50385, 42.39748 ], [ -71.51792, 42.39815 ], [ -71.52682, 42.39607 ], [ -71.52805, 42.40152 ], [ -71.5591, 42.41194 ], [ -71.58526, 42.4071 ], [ -71.60425, 42.3977 ], [ -71.58019, 42.38698 ], [ -71.60776, 42.37002 ], [ -71.60307, 42.36727 ] ] ] ] } },
{ "type": "Feature", "properties": { "town_name": "Becket", "fill_color": "transparent" }, "geometry": { "type": "MultiPolygon", "coordinates": [ [ [ [ -73.16156, 42.2476 ], [ -73.12121, 42.25262 ], [ -73.12285, 42.2481 ], [ -73.1207, 42.24318 ], [ -73.09257, 42.24551 ], [ -73.0909, 42.23418 ], [ -73.03682, 42.24018 ], [ -73.03626, 42.23615 ], [ -73.00787, 42.23841 ], [ -73.00429, 42.25135 ], [ -73.00185, 42.25102 ], [ -73.00028, 42.3126 ], [ -73.00535, 42.3052 ], [ -73.01025, 42.30468 ], [ -73.01653, 42.31111 ], [ -73.02015, 42.30826 ], [ -73.02507, 42.30909 ], [ -73.02614, 42.30801 ], [ -73.03128, 42.3093 ], [ -73.03895, 42.31495 ], [ -73.04075, 42.32018 ], [ -73.04545, 42.3194 ], [ -73.06289, 42.32895 ], [ -73.06429, 42.33973 ], [ -73.15947, 42.32974 ], [ -73.16156, 42.2476 ] ] ] ] } },
{ "type": "Feature", "properties": { "town_name": "Florida", "fill_color": "transparent" }, "geometry": { "type": "MultiPolygon", "coordinates": [ [ [ [ -73.06364, 42.6498 ], [ -73.01158, 42.64722 ], [ -73.01165, 42.64566 ], [ -73.00873, 42.64428 ], [ -73.00875, 42.64112 ], [ -73.00009, 42.63731 ], [ -73.00118, 42.63565 ], [ -72.99373, 42.63353 ], [ -72.98638, 42.63468 ], [ -72.98736, 42.63661 ], [ -72.98499, 42.63855 ], [ -72.98062, 42.63716 ], [ -72.97508, 42.63235 ], [ -72.97375, 42.63477 ], [ -72.96781, 42.63289 ], [ -72.96703, 42.63723 ], [ -72.96296, 42.64146 ], [ -72.9511, 42.64136 ], [ -72.95396, 42.65122 ], [ -72.95553, 42.65937 ], [ -72.95472, 42.66562 ], [ -72.96209, 42.66702 ], [ -72.96395, 42.66429 ], [ -72.97284, 42.66272 ], [ -72.97655, 42.66123 ], [ -72.98553, 42.66594 ], [ -72.99554, 42.67316 ], [ -72.99466, 42.67432 ], [ -72.98925, 42.67423 ], [ -72.9889, 42.67866 ], [ -72.97583, 42.67942 ], [ -72.97749, 42.68591 ], [ -72.97158, 42.68905 ], [ -72.9638, 42.68749 ], [ -72.95295, 42.69129 ], [ -72.95174, 42.69565 ], [ -72.95388, 42.69816 ], [ -72.9487, 42.70363 ], [ -72.94964, 42.70511 ], [ -72.99788, 42.70126 ], [ -73.02371, 42.70269 ], [ -73.02302, 42.74114 ], [ -73.04844, 42.74164 ], [ -73.05947, 42.70839 ], [ -73.06364, 42.6498 ] ] ] ] } },
{ "type": "Feature", "properties": { "town_name": "Hancock", "fill_color": "#009688" }, "geometry": { "type": "MultiPolygon", "coordinates": [ [ [ [ -73.38357, 42.42548 ], [ -73.33891, 42.41857 ], [ -73.31954, 42.49344 ], [ -73.31511, 42.49295 ], [ -73.31174, 42.50461 ], [ -73.25828, 42.58857 ], [ -73.27356, 42.59085 ], [ -73.26199, 42.63133 ], [ -73.307, 42.63265 ], [ -73.31255, 42.61771 ], [ -73.38357, 42.42548 ] ] ] ] } },
{ "type": "Feature", "properties": { "town_name": "Lenox", "fill_color": "#AB47BC" }, "geometry": { "type": "MultiPolygon", "coordinates": [ [ [ [ -73.33362, 42.3689 ], [ -73.33077, 42.35198 ], [ -73.28814, 42.35234 ], [ -73.28828, 42.32354 ], [ -73.28073, 42.32354 ], [ -73.28133, 42.32509 ], [ -73.27814, 42.32515 ], [ -73.27817, 42.32735 ], [ -73.2436, 42.32699 ], [ -73.2443, 42.33857 ], [ -73.24568, 42.34501 ], [ -73.24173, 42.3509 ], [ -73.23717, 42.3541 ], [ -73.23993, 42.35377 ], [ -73.24067, 42.35765 ], [ -73.23849, 42.36247 ], [ -73.24037, 42.36523 ], [ -73.23969, 42.36807 ], [ -73.23638, 42.36454 ], [ -73.23841, 42.37141 ], [ -73.22877, 42.37662 ], [ -73.22195, 42.40058 ], [ -73.29533, 42.41186 ], [ -73.29651, 42.40465 ], [ -73.30839, 42.40667 ], [ -73.31111, 42.39202 ], [ -73.32318, 42.39197 ], [ -73.32084, 42.37814 ], [ -73.32946, 42.37816 ], [ -73.32931, 42.36912 ], [ -73.33362, 42.3689 ] ] ] ] } },
{ "type": "Feature", "properties": { "town_name": "Richmond", "fill_color": "#AB47BC" }, "geometry": { "type": "MultiPolygon", "coordinates": [ [ [ [ -73.41064, 42.35175 ], [ -73.33077, 42.35198 ], [ -73.33362, 42.3689 ], [ -73.32931, 42.36912 ], [ -73.32946, 42.37816 ], [ -73.32084, 42.37814 ], [ -73.32318, 42.39197 ], [ -73.31111, 42.39202 ], [ -73.30839, 42.40667 ], [ -73.29651, 42.40465 ], [ -73.29533, 42.41186 ], [ -73.38357, 42.42548 ], [ -73.41064, 42.35175 ] ] ] ] } },
{ "type": "Feature", "properties": { "town_name": "Sandisfield", "fill_color": "transparent" }, "geometry": { "type": "MultiPolygon", "coordinates": [ [ [ [ -73.18672, 42.15582 ], [ -73.17213, 42.04324 ], [ -73.05329, 42.03986 ], [ -73.05655, 42.04742 ], [ -73.05391, 42.05499 ], [ -73.05613, 42.05889 ], [ -73.06174, 42.06194 ], [ -73.05815, 42.06675 ], [ -73.0618, 42.07064 ], [ -73.07309, 42.09421 ], [ -73.07484, 42.10615 ], [ -73.07184, 42.10936 ], [ -73.07267, 42.11168 ], [ -73.06121, 42.11811 ], [ -73.06928, 42.13087 ], [ -73.06918, 42.13897 ], [ -73.07055, 42.14016 ], [ -73.0801, 42.13912 ], [ -73.08754, 42.18693 ], [ -73.16197, 42.17867 ], [ -73.16679, 42.16286 ], [ -73.16617, 42.15734 ], [ -73.18672, 42.15582 ] ] ] ] } },
{ "type": "Feature", "properties": { "town_name": "Buckland", "fill_color": "transparent" }, "geometry": { "type": "MultiPolygon", "coordinates": [ [ [ [ -72.84845, 42.55907 ], [ -72.77537, 42.56802 ], [ -72.74542, 42.56427 ], [ -72.7422, 42.58308 ], [ -72.71933, 42.58549 ], [ -72.73035, 42.59162 ], [ -72.73372, 42.60115 ], [ -72.73595, 42.60272 ], [ -72.74027, 42.60246 ], [ -72.73544, 42.61797 ], [ -72.73732, 42.6208 ], [ -72.73546, 42.62629 ], [ -72.74395, 42.62682 ], [ -72.74699, 42.62294 ], [ -72.74541, 42.61953 ], [ -72.75014, 42.61823 ], [ -72.75447, 42.62097 ], [ -72.76428, 42.61943 ], [ -72.78354, 42.6213 ], [ -72.80291, 42.61666 ], [ -72.81565, 42.61681 ], [ -72.82366, 42.61863 ], [ -72.83176, 42.61657 ], [ -72.84845, 42.55907 ] ] ] ] } },
{ "type": "Feature", "properties": { "town_name": "Erving", "fill_color": "transparent" }, "geometry": { "type": "MultiPolygon", "coordinates": [ [ [ [ -72.50351, 42.58037 ], [ -72.49352, 42.58079 ], [ -72.48691, 42.57831 ], [ -72.48138, 42.57922 ], [ -72.47475, 42.57421 ], [ -72.46184, 42.57795 ], [ -72.45701, 42.58155 ], [ -72.44284, 42.58984 ], [ -72.43702, 42.5947 ], [ -72.43787, 42.59786 ], [ -72.43177, 42.60155 ], [ -72.42645, 42.60765 ], [ -72.41623, 42.60775 ], [ -72.40263, 42.5983 ], [ -72.39285, 42.59789 ], [ -72.38934, 42.59586 ], [ -72.38164, 42.5981 ], [ -72.37357, 42.59941 ], [ -72.3623, 42.59522 ], [ -72.36477, 42.60943 ], [ -72.37712, 42.63928 ], [ -72.46342, 42.61998 ], [ -72.46165, 42.60648 ], [ -72.491, 42.60401 ], [ -72.49638, 42.5969 ], [ -72.49506, 42.59275 ], [ -72.49786, 42.58969 ], [ -72.49807, 42.58577 ], [ -72.50351, 42.58037 ] ] ] ] } },
{ "type": "Feature", "properties": { "town_name": "New Salem", "fill_color": "transparent" }, "geometry": { "type": "MultiPolygon", "coordinates": [ [ [ [ -72.38235, 42.46369 ], [ -72.38083, 42.46007 ], [ -72.38266, 42.4532 ], [ -72.37803, 42.44642 ], [ -72.37985, 42.44399 ], [ -72.38057, 42.43899 ], [ -72.37564, 42.43638 ], [ -72.3748, 42.42703 ], [ -72.37664, 42.42466 ], [ -72.37538, 42.41901 ], [ -72.37197, 42.41597 ], [ -72.37353, 42.41339 ], [ -72.36992, 42.41074 ], [ -72.37141, 42.40862 ], [ -72.36658, 42.40351 ], [ -72.36936, 42.40028 ], [ -72.36596, 42.38876 ], [ -72.36381, 42.38667 ], [ -72.36683, 42.38535 ], [ -72.36372, 42.38182 ], [ -72.36666, 42.38085 ], [ -72.36614, 42.37824 ], [ -72.36419, 42.37882 ], [ -72.36276, 42.37204 ], [ -72.36082, 42.37121 ], [ -72.36077, 42.36877 ], [ -72.35636, 42.36651 ], [ -72.35926, 42.36391 ], [ -72.35724, 42.3597 ], [ -72.35897, 42.35564 ], [ -72.35645, 42.35067 ], [ -72.35841, 42.34993 ], [ -72.35938, 42.34557 ], [ -72.35503, 42.34271 ], [ -72.35406, 42.34008 ], [ -72.3512, 42.33442 ], [ -72.35253, 42.33113 ], [ -72.35113, 42.32956 ], [ -72.35359, 42.32769 ], [ -72.35118, 42.32488 ], [ -72.3543, 42.32368 ], [ -72.353, 42.32125 ], [ -72.35523, 42.3182 ], [ -72.35616, 42.31437 ], [ -72.35873, 42.30882 ], [ -72.36037, 42.30779 ], [ -72.35602, 42.30328 ], [ -72.35189, 42.30641 ], [ -72.35037, 42.30417 ], [ -72.34989, 42.30804 ], [ -72.35146, 42.30999 ], [ -72.34589, 42.30997 ], [ -72.34209, 42.31433 ], [ -72.33525, 42.31514 ], [ -72.3323, 42.31941 ], [ -72.32912, 42.31969 ], [ -72.32833, 42.31856 ], [ -72.32676, 42.32681 ], [ -72.32621, 42.32516 ], [ -72.32467, 42.32677 ], [ -72.32605, 42.32848 ], [ -72.32487, 42.33082 ], [ -72.32272, 42.33104 ], [ -72.32317, 42.33352 ], [ -72.31763, 42.33963 ], [ -72.31506, 42.33941 ], [ -72.31222, 42.35252 ], [ -72.3138, 42.35779 ], [ -72.31155, 42.35885 ], [ -72.31296, 42.36211 ], [ -72.3105, 42.36429 ], [ -72.31311, 42.36856 ], [ -72.31566, 42.36948 ], [ -72.31457, 42.3714 ], [ -72.31143, 42.37221 ], [ -72.31209, 42.37376 ], [ -72.31435, 42.38166 ], [ -72.31004, 42.38739 ], [ -72.31257, 42.38867 ], [ -72.31266, 42.39093 ], [ -72.31451, 42.39165 ], [ -72.31339, 42.39276 ], [ -72.31582, 42.39454 ], [ -72.31363, 42.3964 ], [ -72.31509, 42.39886 ], [ -72.31257, 42.4035 ], [ -72.31357, 42.40664 ], [ -72.31036, 42.40793 ], [ -72.30862, 42.41469 ], [ -72.30648, 42.41647 ], [ -72.30561, 42.42036 ], [ -72.30228, 42.42032 ], [ -72.30128, 42.42362 ], [ -72.29209, 42.42997 ], [ -72.28867, 42.43558 ], [ -72.29073, 42.43734 ], [ -72.28728, 42.43725 ], [ -72.28326, 42.44119 ], [ -72.29129, 42.47952 ], [ -72.24487, 42.51344 ], [ -72.26911, 42.53342 ], [ -72.27135, 42.54723 ], [ -72.35679, 42.5487 ], [ -72.35818, 42.50135 ], [ -72.36847, 42.50249 ], [ -72.36859, 42.46448 ], [ -72.38477, 42.46464 ], [ -72.38235, 42.46369 ] ] ] ] } },
{ "type": "Feature", "properties": { "town_name": "Northfield", "fill_color": "transparent" }, "geometry": { "type": "MultiPolygon", "coordinates": [ [ [ [ -72.4962, 42.67861 ], [ -72.49011, 42.68 ], [ -72.48938, 42.67403 ], [ -72.48649, 42.67326 ], [ -72.48505, 42.67746 ], [ -72.48067, 42.67705 ], [ -72.47579, 42.67068 ], [ -72.47181, 42.6701 ], [ -72.47034, 42.66259 ], [ -72.46509, 42.65496 ], [ -72.47218, 42.64779 ], [ -72.48605, 42.63913 ], [ -72.48936, 42.63363 ], [ -72.48032, 42.6191 ], [ -72.48197, 42.61142 ], [ -72.48858, 42.60777 ], [ -72.491, 42.60401 ], [ -72.46165, 42.60648 ], [ -72.46342, 42.61998 ], [ -72.37712, 42.63928 ], [ -72.41203, 42.72545 ], [ -72.51671, 42.72847 ], [ -72.4962, 42.67861 ] ] ] ] } },
{ "type": "Feature", "properties": { "town_name": "Shutesbury", "fill_color": "#009688" }, "geometry": { "type": "MultiPolygon", "coordinates": [ [ [ [ -72.48989, 42.43382 ], [ -72.4837, 42.40748 ], [ -72.37502, 42.42082 ], [ -72.37664, 42.42466 ], [ -72.37509, 42.43001 ], [ -72.37564, 42.43638 ], [ -72.38057, 42.43899 ], [ -72.37803, 42.44642 ], [ -72.38266, 42.4532 ], [ -72.38083, 42.46007 ], [ -72.38235, 42.46369 ], [ -72.38477, 42.46464 ], [ -72.36859, 42.46448 ], [ -72.36847, 42.50249 ], [ -72.44088, 42.5104 ], [ -72.45298, 42.43862 ], [ -72.48989, 42.43382 ] ] ] ] } },
{ "type": "Feature", "properties": { "town_name": "Whately", "fill_color": "#009688" }, "geometry": { "type": "MultiPolygon", "coordinates": [ [ [ [ -72.70439, 42.40555 ], [ -72.62232, 42.41511 ], [ -72.58558, 42.42314 ], [ -72.58114, 42.42258 ], [ -72.58956, 42.45251 ], [ -72.58545, 42.46683 ], [ -72.60923, 42.46397 ], [ -72.61114, 42.47118 ], [ -72.6315, 42.46827 ], [ -72.63243, 42.47288 ], [ -72.65623, 42.47003 ], [ -72.65737, 42.46601 ], [ -72.65572, 42.46125 ], [ -72.6574, 42.45838 ], [ -72.70088, 42.45292 ], [ -72.70439, 42.40555 ] ] ] ] } },
{ "type": "Feature", "properties": { "town_name": "Edgartown", "fill_color": "transparent" }, "geometry": { "type": "MultiPolygon", "coordinates": [ [ [ [ -70.60948, 41.38484 ], [ -70.60676, 41.34892 ], [ -70.57917, 41.35001 ], [ -70.49503, 41.34751 ], [ -70.48243, 41.3484 ], [ -70.46329, 41.34748 ], [ -70.45224, 41.34983 ], [ -70.44826, 41.35365 ], [ -70.44927, 41.38042 ], [ -70.44623, 41.39648 ], [ -70.45043, 41.4207 ], [ -70.4525, 41.42143 ], [ -70.46383, 41.41915 ], [ -70.47303, 41.40876 ], [ -70.47169, 41.3962 ], [ -70.4845, 41.38629 ], [ -70.49076, 41.38363 ], [ -70.50131, 41.38539 ], [ -70.50237, 41.392 ], [ -70.50698, 41.40024 ], [ -70.5173, 41.40367 ], [ -70.52858, 41.4051 ], [ -70.5383, 41.40924 ], [ -70.54821, 41.41677 ], [ -70.55373, 41.41366 ], [ -70.55378, 41.41824 ], [ -70.55809, 41.42476 ], [ -70.56165, 41.42448 ], [ -70.5691, 41.41893 ], [ -70.56913, 41.41656 ], [ -70.57369, 41.41377 ], [ -70.61511, 41.41363 ], [ -70.60948, 41.38484 ] ] ] ] } },
{ "type": "Feature", "properties": { "town_name": "Oak Bluffs", "fill_color": "transparent" }, "geometry": { "type": "MultiPolygon", "coordinates": [ [ [ [ -70.62134, 41.44523 ], [ -70.61511, 41.41363 ], [ -70.57369, 41.41377 ], [ -70.56913, 41.41656 ], [ -70.5691, 41.41893 ], [ -70.56165, 41.42448 ], [ -70.55702, 41.4239 ], [ -70.55378, 41.41824 ], [ -70.55373, 41.41366 ], [ -70.54821, 41.41677 ], [ -70.55559, 41.43088 ], [ -70.55311, 41.4481 ], [ -70.55328, 41.45295 ], [ -70.56328, 41.46913 ], [ -70.56736, 41.47121 ], [ -70.57485, 41.46826 ], [ -70.58368, 41.46071 ], [ -70.5883, 41.46002 ], [ -70.58498, 41.45484 ], [ -70.59026, 41.44559 ], [ -70.59421, 41.44313 ], [ -70.60169, 41.43223 ], [ -70.60027, 41.42968 ], [ -70.60318, 41.42779 ], [ -70.62134, 41.44523 ] ] ] ] } },
{ "type": "Feature", "properties": { "town_name": "Ashburnham", "fill_color": "transparent" }, "geometry": { "type": "MultiPolygon", "coordinates": [ [ [ [ -71.98611, 42.62776 ], [ -71.9759, 42.62751 ], [ -71.96102, 42.61429 ], [ -71.95645, 42.61027 ], [ -71.95212, 42.6107 ], [ -71.95031, 42.60808 ], [ -71.95173, 42.60756 ], [ -71.94881, 42.60252 ], [ -71.95057, 42.60171 ], [ -71.94581, 42.59491 ], [ -71.91141, 42.60787 ], [ -71.91066, 42.6067 ], [ -71.89529, 42.6116 ], [ -71.89597, 42.61276 ], [ -71.8929, 42.61378 ], [ -71.89214, 42.61247 ], [ -71.88305, 42.61534 ], [ -71.88363, 42.61635 ], [ -71.8806, 42.61734 ], [ -71.88203, 42.61991 ], [ -71.85866, 42.62903 ], [ -71.85639, 42.66764 ], [ -71.85776, 42.67498 ], [ -71.86375, 42.67955 ], [ -71.86575, 42.68411 ], [ -71.86978, 42.68365 ], [ -71.8971, 42.70373 ], [ -71.89877, 42.71142 ], [ -71.98143, 42.71329 ], [ -71.98611, 42.62776 ] ] ] ] } },
{ "type": "Feature", "properties": { "town_name": "Athol", "fill_color": "transparent" }, "geometry": { "type": "MultiPolygon", "coordinates": [ [ [ [ -72.27666, 42.57044 ], [ -72.26911, 42.53342 ], [ -72.24487, 42.51344 ], [ -72.19638, 42.54892 ], [ -72.18564, 42.55036 ], [ -72.17556, 42.58987 ], [ -72.16759, 42.58487 ], [ -72.16314, 42.58886 ], [ -72.16551, 42.59031 ], [ -72.15763, 42.59892 ], [ -72.1613, 42.60108 ], [ -72.1636, 42.59829 ], [ -72.16789, 42.60014 ], [ -72.15805, 42.61755 ], [ -72.15478, 42.62004 ], [ -72.15438, 42.62383 ], [ -72.15665, 42.6236 ], [ -72.15835, 42.63321 ], [ -72.16437, 42.63261 ], [ -72.16747, 42.64652 ], [ -72.22908, 42.63835 ], [ -72.22531, 42.63043 ], [ -72.2278, 42.6265 ], [ -72.23159, 42.62486 ], [ -72.22907, 42.624 ], [ -72.22986, 42.62208 ], [ -72.22755, 42.62207 ], [ -72.22776, 42.61622 ], [ -72.23196, 42.61395 ], [ -72.24001, 42.61372 ], [ -72.25474, 42.61161 ], [ -72.25331, 42.60534 ], [ -72.25881, 42.60372 ], [ -72.26215, 42.60025 ], [ -72.26706, 42.60081 ], [ -72.26133, 42.57592 ], [ -72.26861, 42.57787 ], [ -72.27139, 42.57627 ], [ -72.27323, 42.57934 ], [ -72.27507, 42.57669 ], [ -72.27643, 42.57737 ], [ -72.27666, 42.57044 ] ] ] ] } },
{ "type": "Feature", "properties": { "town_name": "Berlin", "fill_color": "#AB47BC" }, "geometry": { "type": "MultiPolygon", "coordinates": [ [ [ [ -71.67877, 42.38916 ], [ -71.67055, 42.38667 ], [ -71.67779, 42.36515 ], [ -71.63394, 42.3584 ], [ -71.6247, 42.35046 ], [ -71.61001, 42.3574 ], [ -71.60307, 42.36727 ], [ -71.60776, 42.37002 ], [ -71.58019, 42.38698 ], [ -71.63042, 42.40954 ], [ -71.66063, 42.41823 ], [ -71.66807, 42.39457 ], [ -71.67652, 42.39612 ], [ -71.67877, 42.38916 ] ] ] ] } },
{ "type": "Feature", "properties": { "town_name": "Boylston", "fill_color": "#AB47BC" }, "geometry": { "type": "MultiPolygon", "coordinates": [ [ [ [ -71.76446, 42.31286 ], [ -71.75651, 42.31213 ], [ -71.74142, 42.31732 ], [ -71.74174, 42.31573 ], [ -71.73182, 42.31793 ], [ -71.73021, 42.32114 ], [ -71.69867, 42.33241 ], [ -71.69548, 42.33027 ], [ -71.69759, 42.32755 ], [ -71.69096, 42.32896 ], [ -71.69114, 42.3269 ], [ -71.68788, 42.3255 ], [ -71.67637, 42.36488 ], [ -71.67779, 42.36515 ], [ -71.67055, 42.38667 ], [ -71.70102, 42.39581 ], [ -71.72598, 42.39029 ], [ -71.7538, 42.38313 ], [ -71.75971, 42.37074 ], [ -71.76374, 42.34419 ], [ -71.76446, 42.31286 ] ] ] ] } },
{ "type": "Feature", "properties": { "town_name": "Brookfield", "fill_color": "transparent" }, "geometry": { "type": "MultiPolygon", "coordinates": [ [ [ [ -72.14189, 42.161 ], [ -72.11152, 42.16445 ], [ -72.10868, 42.15159 ], [ -72.08675, 42.15444 ], [ -72.08942, 42.16714 ], [ -72.07245, 42.16928 ], [ -72.07185, 42.1728 ], [ -72.0742, 42.17663 ], [ -72.07045, 42.1841 ], [ -72.0605, 42.203 ], [ -72.07881, 42.21461 ], [ -72.0765, 42.21944 ], [ -72.07329, 42.22229 ], [ -72.07411, 42.22958 ], [ -72.07283, 42.23209 ], [ -72.09924, 42.23076 ], [ -72.11125, 42.23858 ], [ -72.11274, 42.2332 ], [ -72.11879, 42.23095 ], [ -72.11986, 42.21407 ], [ -72.12984, 42.22124 ], [ -72.14226, 42.19745 ], [ -72.1397, 42.17955 ], [ -72.14721, 42.18147 ], [ -72.14189, 42.161 ] ] ] ] } },
{ "type": "Feature", "properties": { "town_name": "Douglas", "fill_color": "transparent" }, "geometry": { "type": "MultiPolygon", "coordinates": [ [ [ [ -71.83006, 42.09278 ], [ -71.80457, 42.0236 ], [ -71.80065, 42.02357 ], [ -71.79924, 42.00806 ], [ -71.68088, 42.0117 ], [ -71.6818, 42.05492 ], [ -71.67924, 42.07418 ], [ -71.69628, 42.0711 ], [ -71.69667, 42.09533 ], [ -71.73744, 42.08759 ], [ -71.76809, 42.08177 ], [ -71.77463, 42.10033 ], [ -71.79243, 42.10071 ], [ -71.80922, 42.09536 ], [ -71.81133, 42.09887 ], [ -71.83006, 42.09278 ] ] ] ] } },
{ "type": "Feature", "properties": { "town_name": "Harvard", "fill_color": "#009688" }, "geometry": { "type": "MultiPolygon", "coordinates": [ [ [ [ -71.63921, 42.53096 ], [ -71.63614, 42.5231 ], [ -71.63015, 42.51883 ], [ -71.6318, 42.51598 ], [ -71.62962, 42.51584 ], [ -71.62974, 42.51366 ], [ -71.62742, 42.51301 ], [ -71.62843, 42.51051 ], [ -71.62956, 42.5113 ], [ -71.63422, 42.50436 ], [ -71.63351, 42.50256 ], [ -71.62579, 42.49911 ], [ -71.63161, 42.48542 ], [ -71.63219, 42.48278 ], [ -71.6341, 42.48287 ], [ -71.63367, 42.47751 ], [ -71.63579, 42.47689 ], [ -71.5489, 42.44731 ], [ -71.54339, 42.46645 ], [ -71.56037, 42.47435 ], [ -71.52984, 42.51984 ], [ -71.53376, 42.52765 ], [ -71.53878, 42.54303 ], [ -71.58029, 42.55047 ], [ -71.59462, 42.54338 ], [ -71.60785, 42.54538 ], [ -71.61993, 42.5525 ], [ -71.63202, 42.54452 ], [ -71.63589, 42.54 ], [ -71.63665, 42.53313 ], [ -71.63921, 42.53096 ] ] ] ] } },
{ "type": "Feature", "properties": { "town_name": "Hopedale", "fill_color": "#AB47BC" }, "geometry": { "type": "MultiPolygon", "coordinates": [ [ [ [ -71.57159, 42.14237 ], [ -71.56934, 42.14264 ], [ -71.55004, 42.12268 ], [ -71.54183, 42.11842 ], [ -71.52611, 42.10223 ], [ -71.51819, 42.09942 ], [ -71.49969, 42.10349 ], [ -71.50308, 42.11028 ], [ -71.50038, 42.11269 ], [ -71.50178, 42.11747 ], [ -71.50627, 42.11898 ], [ -71.50904, 42.12331 ], [ -71.51924, 42.12419 ], [ -71.55579, 42.14872 ], [ -71.56322, 42.1534 ], [ -71.56095, 42.15831 ], [ -71.5714, 42.15185 ], [ -71.57159, 42.14237 ] ] ] ] } },
{ "type": "Feature", "properties": { "town_name": "Leicester", "fill_color": "transparent" }, "geometry": { "type": "MultiPolygon", "coordinates": [ [ [ [ -71.96053, 42.28142 ], [ -71.93936, 42.18924 ], [ -71.89513, 42.19243 ], [ -71.86601, 42.22598 ], [ -71.85663, 42.22668 ], [ -71.88564, 42.28458 ], [ -71.96053, 42.28142 ] ] ] ] } },
{ "type": "Feature", "properties": { "town_name": "Mendon", "fill_color": "#AB47BC" }, "geometry": { "type": "MultiPolygon", "coordinates": [ [ [ [ -71.59275, 42.12165 ], [ -71.59195, 42.06369 ], [ -71.49829, 42.06488 ], [ -71.49813, 42.09342 ], [ -71.49553, 42.09996 ], [ -71.49969, 42.10349 ], [ -71.51819, 42.09942 ], [ -71.52925, 42.104 ], [ -71.54465, 42.12055 ], [ -71.55004, 42.12268 ], [ -71.56934, 42.14264 ], [ -71.57159, 42.14237 ], [ -71.57, 42.13918 ], [ -71.57341, 42.13579 ], [ -71.59275, 42.12165 ] ] ] ] } },
{ "type": "Feature", "properties": { "town_name": "Millbury", "fill_color": "transparent" }, "geometry": { "type": "MultiPolygon", "coordinates": [ [ [ [ -71.8341, 42.15499 ], [ -71.83048, 42.15608 ], [ -71.82485, 42.15533 ], [ -71.82959, 42.14486 ], [ -71.74415, 42.18243 ], [ -71.74053, 42.17921 ], [ -71.73377, 42.1835 ], [ -71.73396, 42.18678 ], [ -71.72353, 42.19148 ], [ -71.73343, 42.23797 ], [ -71.79711, 42.21005 ], [ -71.81019, 42.19149 ], [ -71.8315, 42.16425 ], [ -71.82596, 42.16582 ], [ -71.82549, 42.15992 ], [ -71.83449, 42.15726 ], [ -71.8341, 42.15499 ] ] ] ] } },
{ "type": "Feature", "properties": { "town_name": "Princeton", "fill_color": "#009688" }, "geometry": { "type": "MultiPolygon", "coordinates": [ [ [ [ -71.96544, 42.44661 ], [ -71.88776, 42.39495 ], [ -71.81315, 42.44556 ], [ -71.81766, 42.44646 ], [ -71.82099, 42.4507 ], [ -71.82011, 42.4521 ], [ -71.82406, 42.46182 ], [ -71.82719, 42.46357 ], [ -71.8278, 42.47206 ], [ -71.8356, 42.4836 ], [ -71.82232, 42.50427 ], [ -71.84233, 42.51263 ], [ -71.842, 42.51468 ], [ -71.84737, 42.5147 ], [ -71.8494, 42.5179 ], [ -71.85684, 42.51908 ], [ -71.86104, 42.51637 ], [ -71.86453, 42.51693 ], [ -71.90965, 42.48449 ], [ -71.91983, 42.49145 ], [ -71.93319, 42.48292 ], [ -71.92029, 42.47454 ], [ -71.96544, 42.44661 ] ] ] ] } },
{ "type": "Feature", "properties": { "town_name": "Shrewsbury", "fill_color": "#009688" }, "geometry": { "type": "MultiPolygon", "coordinates": [ [ [ [ -71.76827, 42.31126 ], [ -71.75811, 42.29375 ], [ -71.74997, 42.25181 ], [ -71.74608, 42.24384 ], [ -71.73124, 42.24129 ], [ -71.71799, 42.24506 ], [ -71.7114, 42.24514 ], [ -71.70466, 42.24836 ], [ -71.67446, 42.25236 ], [ -71.67644, 42.25417 ], [ -71.67063, 42.26108 ], [ -71.65914, 42.2668 ], [ -71.677, 42.28615 ], [ -71.68042, 42.30517 ], [ -71.68971, 42.31882 ], [ -71.68788, 42.3255 ], [ -71.69114, 42.3269 ], [ -71.69096, 42.32896 ], [ -71.69759, 42.32755 ], [ -71.69548, 42.33027 ], [ -71.69867, 42.33241 ], [ -71.73021, 42.32114 ], [ -71.73182, 42.31793 ], [ -71.74174, 42.31573 ], [ -71.74142, 42.31732 ], [ -71.75651, 42.31213 ], [ -71.7672, 42.31323 ], [ -71.76827, 42.31126 ] ] ] ] } },
{ "type": "Feature", "properties": { "town_name": "Southbridge Town", "fill_color": "transparent" }, "geometry": { "type": "MultiPolygon", "coordinates": [ [ [ [ -72.09973, 42.0288 ], [ -71.9931, 42.02692 ], [ -71.9947, 42.03102 ], [ -71.98904, 42.04458 ], [ -71.98824, 42.05451 ], [ -71.99156, 42.05782 ], [ -71.99284, 42.07256 ], [ -71.9925, 42.07819 ], [ -71.99575, 42.07745 ], [ -71.99659, 42.08212 ], [ -71.99266, 42.08314 ], [ -71.99336, 42.08569 ], [ -71.99487, 42.08536 ], [ -71.99388, 42.08752 ], [ -71.99608, 42.08728 ], [ -71.99814, 42.09787 ], [ -72.00299, 42.09659 ], [ -72.02729, 42.10503 ], [ -72.02549, 42.10793 ], [ -72.0276, 42.10741 ], [ -72.02905, 42.11511 ], [ -72.03176, 42.11439 ], [ -72.03084, 42.1098 ], [ -72.03599, 42.10824 ], [ -72.03619, 42.10948 ], [ -72.03908, 42.10906 ], [ -72.03961, 42.1123 ], [ -72.04201, 42.11164 ], [ -72.0405, 42.10419 ], [ -72.04676, 42.10344 ], [ -72.05341, 42.0825 ], [ -72.05902, 42.08259 ], [ -72.06086, 42.07888 ], [ -72.05941, 42.07396 ], [ -72.06056, 42.07182 ], [ -72.06642, 42.07209 ], [ -72.07443, 42.05846 ], [ -72.09973, 42.0288 ] ] ] ] } },
{ "type": "Feature", "properties": { "town_name": "Sutton", "fill_color": "#AB47BC" }, "geometry": { "type": "MultiPolygon", "coordinates": [ [ [ [ -71.83194, 42.14377 ], [ -71.82953, 42.12939 ], [ -71.81796, 42.13326 ], [ -71.79718, 42.09917 ], [ -71.79243, 42.10071 ], [ -71.77463, 42.10033 ], [ -71.76809, 42.08177 ], [ -71.69667, 42.09533 ], [ -71.69661, 42.09719 ], [ -71.67999, 42.10015 ], [ -71.67997, 42.1034 ], [ -71.68505, 42.10692 ], [ -71.70769, 42.10007 ], [ -71.69201, 42.12029 ], [ -71.70464, 42.12525 ], [ -71.69371, 42.13616 ], [ -71.6914, 42.1492 ], [ -71.69237, 42.1543 ], [ -71.69369, 42.16121 ], [ -71.69142, 42.16311 ], [ -71.6952, 42.17579 ], [ -71.71861, 42.17297 ], [ -71.72353, 42.19148 ], [ -71.73396, 42.18678 ], [ -71.73377, 42.1835 ], [ -71.74053, 42.17921 ], [ -71.74415, 42.18243 ], [ -71.83194, 42.14377 ] ] ] ] } },
{ "type": "Feature", "properties": { "town_name": "Templeton", "fill_color": "transparent" }, "geometry": { "type": "MultiPolygon", "coordinates": [ [ [ [ -72.13564, 42.62045 ], [ -72.13424, 42.61723 ], [ -72.1287, 42.61205 ], [ -72.1248, 42.61129 ], [ -72.12159, 42.57844 ], [ -72.12694, 42.57529 ], [ -72.09431, 42.53285 ], [ -72.09064, 42.5238 ], [ -72.09218, 42.52134 ], [ -72.09083, 42.52057 ], [ -72.09116, 42.51701 ], [ -72.08529, 42.51206 ], [ -72.08403, 42.50653 ], [ -72.08501, 42.50515 ], [ -72.08248, 42.50014 ], [ -72.08034, 42.49925 ], [ -72.0819, 42.49885 ], [ -72.08204, 42.49562 ], [ -72.00138, 42.54661 ], [ -72.02701, 42.56324 ], [ -72.015, 42.56794 ], [ -72.01949, 42.57101 ], [ -72.01601, 42.57377 ], [ -72.01832, 42.57664 ], [ -72.02697, 42.57337 ], [ -72.03136, 42.57444 ], [ -72.03111, 42.57595 ], [ -72.03293, 42.57632 ], [ -72.03171, 42.57821 ], [ -72.03569, 42.57991 ], [ -72.03684, 42.57758 ], [ -72.04202, 42.57979 ], [ -72.04195, 42.5845 ], [ -72.03883, 42.58622 ], [ -72.04221, 42.58936 ], [ -72.04181, 42.59198 ], [ -72.03598, 42.59386 ], [ -72.07575, 42.62524 ], [ -72.11663, 42.62661 ], [ -72.13895, 42.62395 ], [ -72.13564, 42.62045 ] ] ] ] } },
{ "type": "Feature", "properties": { "town_name": "Freetown", "fill_color": "#AB47BC" }, "geometry": { "type": "MultiPolygon", "coordinates": [ [ [ [ -71.12008, 41.7676 ], [ -71.11995, 41.76529 ], [ -71.00954, 41.7462 ], [ -71.0119, 41.71178 ], [ -70.99357, 41.72053 ], [ -70.92222, 41.75484 ], [ -70.92615, 41.75702 ], [ -70.92632, 41.75885 ], [ -70.90718, 41.76354 ], [ -70.92178, 41.79124 ], [ -71.02629, 41.77889 ], [ -71.01459, 41.79957 ], [ -71.03657, 41.81653 ], [ -71.08846, 41.81779 ], [ -71.09315, 41.81285 ], [ -71.09283, 41.80847 ], [ -71.08871, 41.80912 ], [ -71.08647, 41.80479 ], [ -71.08772, 41.80249 ], [ -71.09544, 41.79917 ], [ -71.09594, 41.79704 ], [ -71.1016, 41.79356 ], [ -71.10308, 41.78959 ], [ -71.11449, 41.7788 ], [ -71.12399, 41.7667 ], [ -71.12008, 41.7676 ] ] ] ] } },
{ "type": "Feature", "properties": { "town_name": "Mansfield", "fill_color": "#009688" }, "geometry": { "type": "MultiPolygon", "coordinates": [ [ [ [ -71.28827, 42.01446 ], [ -71.25929, 41.97422 ], [ -71.16827, 42.00848 ], [ -71.1587, 42.01262 ], [ -71.16868, 42.06116 ], [ -71.28827, 42.01446 ] ] ] ] } },
{ "type": "Feature", "properties": { "town_name": "Norton", "fill_color": "transparent" }, "geometry": { "type": "MultiPolygon", "coordinates": [ [ [ [ -71.25929, 41.97422 ], [ -71.20816, 41.90885 ], [ -71.19389, 41.91076 ], [ -71.15519, 41.93846 ], [ -71.10085, 41.99315 ], [ -71.15645, 42.00104 ], [ -71.1587, 42.01262 ], [ -71.19091, 41.99958 ], [ -71.25929, 41.97422 ] ] ] ] } },
{ "type": "Feature", "properties": { "town_name": "Swansea", "fill_color": "#AB47BC" }, "geometry": { "type": "MultiPolygon", "coordinates": [ [ [ [ -71.31639, 41.77551 ], [ -71.26139, 41.7523 ], [ -71.20829, 41.6905 ], [ -71.18677, 41.74141 ], [ -71.18997, 41.74383 ], [ -71.18602, 41.74427 ], [ -71.15631, 41.73947 ], [ -71.15316, 41.78955 ], [ -71.17105, 41.78937 ], [ -71.17623, 41.8159 ], [ -71.19354, 41.81654 ], [ -71.18778, 41.78316 ], [ -71.29246, 41.77488 ], [ -71.31639, 41.77551 ] ] ] ] } },
{ "type": "Feature", "properties": { "town_name": "Belchertown", "fill_color": "#AB47BC" }, "geometry": { "type": "MultiPolygon", "coordinates": [ [ [ [ -72.47229, 42.35146 ], [ -72.44712, 42.22725 ], [ -72.40395, 42.23185 ], [ -72.39548, 42.18574 ], [ -72.36077, 42.18952 ], [ -72.36127, 42.19463 ], [ -72.35938, 42.19425 ], [ -72.361, 42.19726 ], [ -72.36385, 42.19796 ], [ -72.36348, 42.20204 ], [ -72.36467, 42.20726 ], [ -72.36199, 42.20733 ], [ -72.36329, 42.20603 ], [ -72.35904, 42.20651 ], [ -72.35734, 42.209 ], [ -72.35502, 42.20885 ], [ -72.35232, 42.20701 ], [ -72.34931, 42.21021 ], [ -72.34655, 42.21079 ], [ -72.34619, 42.21598 ], [ -72.34168, 42.21923 ], [ -72.33597, 42.22016 ], [ -72.337, 42.22368 ], [ -72.33295, 42.23709 ], [ -72.33494, 42.24498 ], [ -72.33358, 42.24573 ], [ -72.33668, 42.25807 ], [ -72.33842, 42.25905 ], [ -72.33676, 42.25935 ], [ -72.33737, 42.26168 ], [ -72.33393, 42.26248 ], [ -72.33444, 42.26623 ], [ -72.33164, 42.27148 ], [ -72.33881, 42.27506 ], [ -72.33962, 42.28098 ], [ -72.35068, 42.28468 ], [ -72.34863, 42.29459 ], [ -72.35263, 42.29573 ], [ -72.35177, 42.29803 ], [ -72.3549, 42.29985 ], [ -72.35375, 42.30255 ], [ -72.36048, 42.3087 ], [ -72.35733, 42.31039 ], [ -72.35456, 42.31605 ], [ -72.35523, 42.3182 ], [ -72.353, 42.32125 ], [ -72.3543, 42.32368 ], [ -72.35118, 42.32488 ], [ -72.35359, 42.32769 ], [ -72.35113, 42.32956 ], [ -72.35252, 42.33244 ], [ -72.3512, 42.33442 ], [ -72.3554, 42.34068 ], [ -72.39371, 42.3393 ], [ -72.39347, 42.33817 ], [ -72.40546, 42.33644 ], [ -72.40942, 42.35876 ], [ -72.47229, 42.35146 ] ] ] ] } },
{ "type": "Feature", "properties": { "town_name": "Easthampton Town", "fill_color": "transparent" }, "geometry": { "type": "MultiPolygon", "coordinates": [ [ [ [ -72.7363, 42.27654 ], [ -72.72502, 42.27809 ], [ -72.72124, 42.27634 ], [ -72.71241, 42.27581 ], [ -72.70776, 42.26933 ], [ -72.6985, 42.26938 ], [ -72.69552, 42.26542 ], [ -72.69868, 42.26061 ], [ -72.70138, 42.25706 ], [ -72.68264, 42.24416 ], [ -72.68712, 42.23842 ], [ -72.68591, 42.2307 ], [ -72.68768, 42.22324 ], [ -72.65654, 42.22774 ], [ -72.63459, 42.27394 ], [ -72.61314, 42.28627 ], [ -72.6147, 42.2902 ], [ -72.62452, 42.28815 ], [ -72.62929, 42.28515 ], [ -72.6362, 42.28611 ], [ -72.63744, 42.28741 ], [ -72.64068, 42.28414 ], [ -72.64371, 42.28849 ], [ -72.64877, 42.29182 ], [ -72.66022, 42.28925 ], [ -72.67203, 42.29019 ], [ -72.67209, 42.29189 ], [ -72.73673, 42.28424 ], [ -72.7363, 42.27654 ] ] ] ] } },
{ "type": "Feature", "properties": { "town_name": "Huntington", "fill_color": "transparent" }, "geometry": { "type": "MultiPolygon", "coordinates": [ [ [ [ -72.9123, 42.23913 ], [ -72.87218, 42.21644 ], [ -72.86847, 42.22366 ], [ -72.86428, 42.23227 ], [ -72.85667, 42.24058 ], [ -72.81342, 42.245 ], [ -72.82112, 42.33863 ], [ -72.82612, 42.34225 ], [ -72.83348, 42.34175 ], [ -72.83574, 42.34325 ], [ -72.83984, 42.34336 ], [ -72.84038, 42.34508 ], [ -72.84498, 42.34341 ], [ -72.84644, 42.34047 ], [ -72.8475, 42.34231 ], [ -72.85424, 42.3434 ], [ -72.88563, 42.34004 ], [ -72.88118, 42.2649 ], [ -72.9123, 42.23913 ] ] ] ] } },
{ "type": "Feature", "properties": { "town_name": "Middlefield", "fill_color": "transparent" }, "geometry": { "type": "MultiPolygon", "coordinates": [ [ [ [ -73.06851, 42.38072 ], [ -73.06289, 42.32895 ], [ -73.04545, 42.3194 ], [ -73.04075, 42.32018 ], [ -73.03895, 42.31495 ], [ -73.0294, 42.30857 ], [ -73.02614, 42.30801 ], [ -73.02207, 42.30951 ], [ -73.02015, 42.30826 ], [ -73.01653, 42.31111 ], [ -73.01025, 42.30468 ], [ -73.00535, 42.3052 ], [ -73.00028, 42.3126 ], [ -72.95327, 42.34383 ], [ -72.95394, 42.34591 ], [ -72.96318, 42.35369 ], [ -72.96608, 42.36416 ], [ -72.96863, 42.3647 ], [ -72.96522, 42.37075 ], [ -72.97344, 42.37646 ], [ -72.97792, 42.38532 ], [ -72.9765, 42.39145 ], [ -73.00908, 42.38773 ], [ -73.01168, 42.37968 ], [ -73.06577, 42.38911 ], [ -73.06851, 42.38072 ] ] ] ] } },
{ "type": "Feature", "properties": { "town_name": "Pelham", "fill_color": "#009688" }, "geometry": { "type": "MultiPolygon", "coordinates": [ [ [ [ -72.4837, 42.40748 ], [ -72.47138, 42.35158 ], [ -72.40942, 42.35876 ], [ -72.40546, 42.33644 ], [ -72.39347, 42.33817 ], [ -72.39371, 42.3393 ], [ -72.3554, 42.34068 ], [ -72.35503, 42.34271 ], [ -72.35938, 42.34557 ], [ -72.35841, 42.34993 ], [ -72.35645, 42.35067 ], [ -72.35899, 42.35669 ], [ -72.35724, 42.3597 ], [ -72.35926, 42.36391 ], [ -72.35636, 42.36651 ], [ -72.36077, 42.36877 ], [ -72.36082, 42.37121 ], [ -72.36399, 42.37364 ], [ -72.36419, 42.37882 ], [ -72.36614, 42.37824 ], [ -72.36581, 42.38175 ], [ -72.36372, 42.38182 ], [ -72.36683, 42.38535 ], [ -72.36381, 42.38667 ], [ -72.36883, 42.39644 ], [ -72.36799, 42.40266 ], [ -72.36658, 42.40351 ], [ -72.37141, 42.40862 ], [ -72.36992, 42.41074 ], [ -72.37353, 42.41339 ], [ -72.37197, 42.41597 ], [ -72.37538, 42.41901 ], [ -72.37502, 42.42082 ], [ -72.4837, 42.40748 ] ] ] ] } },
{ "type": "Feature", "properties": { "town_name": "Westhampton", "fill_color": "#AB47BC" }, "geometry": { "type": "MultiPolygon", "coordinates": [ [ [ [ -72.82226, 42.35282 ], [ -72.81441, 42.25682 ], [ -72.73576, 42.26652 ], [ -72.74122, 42.36273 ], [ -72.82226, 42.35282 ] ] ] ] } },
{ "type": "Feature", "properties": { "town_name": "Palmer Town", "fill_color": "transparent" }, "geometry": { "type": "MultiPolygon", "coordinates": [ [ [ [ -72.39548, 42.18574 ], [ -72.38904, 42.15242 ], [ -72.36553, 42.15465 ], [ -72.36059, 42.15869 ], [ -72.35451, 42.16095 ], [ -72.34651, 42.16162 ], [ -72.34509, 42.16014 ], [ -72.342, 42.1605 ], [ -72.34151, 42.1591 ], [ -72.33498, 42.15863 ], [ -72.3303, 42.152 ], [ -72.32614, 42.15144 ], [ -72.31888, 42.14635 ], [ -72.31653, 42.14825 ], [ -72.31376, 42.14396 ], [ -72.31138, 42.14326 ], [ -72.30874, 42.14474 ], [ -72.29382, 42.1439 ], [ -72.28464, 42.14115 ], [ -72.28148, 42.14155 ], [ -72.2804, 42.14341 ], [ -72.27113, 42.14329 ], [ -72.2659, 42.15612 ], [ -72.26822, 42.15939 ], [ -72.26682, 42.16052 ], [ -72.26823, 42.16271 ], [ -72.26711, 42.16597 ], [ -72.2616, 42.17169 ], [ -72.26394, 42.17474 ], [ -72.26165, 42.17693 ], [ -72.26392, 42.18383 ], [ -72.26411, 42.1995 ], [ -72.25567, 42.20971 ], [ -72.22122, 42.24525 ], [ -72.24701, 42.24209 ], [ -72.25761, 42.22987 ], [ -72.26823, 42.22931 ], [ -72.27144, 42.23637 ], [ -72.27767, 42.2331 ], [ -72.2813, 42.23502 ], [ -72.33597, 42.22016 ], [ -72.34321, 42.21865 ], [ -72.34619, 42.21598 ], [ -72.34655, 42.21079 ], [ -72.35037, 42.20853 ], [ -72.35371, 42.20701 ], [ -72.35502, 42.20885 ], [ -72.35734, 42.209 ], [ -72.36148, 42.20542 ], [ -72.36329, 42.20603 ], [ -72.36199, 42.20733 ], [ -72.36467, 42.20726 ], [ -72.36265, 42.19852 ], [ -72.36353, 42.19702 ], [ -72.35986, 42.19632 ], [ -72.35938, 42.19425 ], [ -72.36127, 42.19463 ], [ -72.36077, 42.18952 ], [ -72.39548, 42.18574 ] ] ] ] } },
{ "type": "Feature", "properties": { "town_name": "Sharon", "fill_color": "#009688" }, "geometry": { "type": "MultiPolygon", "coordinates": [ [ [ [ -71.23987, 42.12067 ], [ -71.23942, 42.11551 ], [ -71.23892, 42.11222 ], [ -71.23888, 42.10421 ], [ -71.20592, 42.07411 ], [ -71.19586, 42.08182 ], [ -71.17846, 42.05736 ], [ -71.13861, 42.07278 ], [ -71.13932, 42.08517 ], [ -71.13129, 42.10074 ], [ -71.13349, 42.11099 ], [ -71.14206, 42.12264 ], [ -71.14836, 42.12845 ], [ -71.14924, 42.13863 ], [ -71.16354, 42.14146 ], [ -71.16284, 42.1457 ], [ -71.17576, 42.1556 ], [ -71.17825, 42.16581 ], [ -71.18869, 42.16113 ], [ -71.18689, 42.15326 ], [ -71.22599, 42.13541 ], [ -71.23201, 42.13146 ], [ -71.23331, 42.12596 ], [ -71.23164, 42.1239 ], [ -71.23987, 42.12067 ] ] ] ] } },
{ "type": "Feature", "properties": { "town_name": "Medfield", "fill_color": "#009688" }, "geometry": { "type": "MultiPolygon", "coordinates": [ [ [ [ -71.35216, 42.20737 ], [ -71.34654, 42.20464 ], [ -71.34417, 42.2007 ], [ -71.34382, 42.19856 ], [ -71.34027, 42.19796 ], [ -71.33837, 42.19545 ], [ -71.34046, 42.19511 ], [ -71.33946, 42.19077 ], [ -71.33559, 42.19101 ], [ -71.33433, 42.18852 ], [ -71.32845, 42.18626 ], [ -71.32961, 42.18506 ], [ -71.32613, 42.18421 ], [ -71.32528, 42.18151 ], [ -71.32016, 42.1799 ], [ -71.32089, 42.17833 ], [ -71.3183, 42.17823 ], [ -71.32032, 42.17331 ], [ -71.32313, 42.17354 ], [ -71.32397, 42.17182 ], [ -71.32793, 42.17271 ], [ -71.33334, 42.1695 ], [ -71.33162, 42.1678 ], [ -71.33401, 42.16662 ], [ -71.33278, 42.16363 ], [ -71.33105, 42.16168 ], [ -71.33316, 42.1593 ], [ -71.33147, 42.15763 ], [ -71.33423, 42.1564 ], [ -71.33452, 42.15355 ], [ -71.33966, 42.14938 ], [ -71.27502, 42.14862 ], [ -71.27567, 42.18167 ], [ -71.26809, 42.20958 ], [ -71.27106, 42.21563 ], [ -71.3385, 42.21523 ], [ -71.33995, 42.21387 ], [ -71.34832, 42.21489 ], [ -71.35148, 42.21155 ], [ -71.35216, 42.20737 ] ] ] ] } },
{ "type": "Feature", "properties": { "town_name": "North Andover", "fill_color": "#AB47BC" }, "geometry": { "type": "MultiPolygon", "coordinates": [ [ [ [ -71.14487, 42.69899 ], [ -71.14254, 42.69425 ], [ -71.13793, 42.69222 ], [ -71.13732, 42.68934 ], [ -71.13981, 42.68719 ], [ -71.13768, 42.68644 ], [ -71.13948, 42.68551 ], [ -71.13788, 42.6849 ], [ -71.13922, 42.68438 ], [ -71.13365, 42.67962 ], [ -71.13445, 42.67678 ], [ -71.1275, 42.67269 ], [ -71.07617, 42.60414 ], [ -71.05877, 42.60908 ], [ -71.05456, 42.62765 ], [ -71.02231, 42.64164 ], [ -71.04052, 42.67269 ], [ -71.09059, 42.7187 ], [ -71.09175, 42.71812 ], [ -71.09531, 42.72206 ], [ -71.09175, 42.72427 ], [ -71.09367, 42.72674 ], [ -71.09646, 42.7241 ], [ -71.11558, 42.7411 ], [ -71.1342, 42.72151 ], [ -71.13362, 42.71143 ], [ -71.13712, 42.70439 ], [ -71.13997, 42.70338 ], [ -71.14278, 42.69892 ], [ -71.14487, 42.69899 ] ] ] ] } },
{ "type": "Feature", "properties": { "town_name": "Acushnet", "fill_color": "transparent" }, "geometry": { "type": "MultiPolygon", "coordinates": [ [ [ [ -70.94299, 41.74467 ], [ -70.92357, 41.68575 ], [ -70.91744, 41.68103 ], [ -70.91548, 41.6741 ], [ -70.91718, 41.6636 ], [ -70.88964, 41.6685 ], [ -70.85821, 41.68117 ], [ -70.88644, 41.76023 ], [ -70.90444, 41.758 ], [ -70.90718, 41.76354 ], [ -70.92632, 41.75885 ], [ -70.92615, 41.75702 ], [ -70.92222, 41.75484 ], [ -70.94299, 41.74467 ] ] ] ] } },
{ "type": "Feature", "properties": { "town_name": "Spencer", "fill_color": "#AB47BC" }, "geometry": { "type": "MultiPolygon", "coordinates": [ [ [ [ -72.04117, 42.3087 ], [ -72.01989, 42.18376 ], [ -71.93936, 42.18924 ], [ -71.94893, 42.23095 ], [ -71.96729, 42.31068 ], [ -72.04117, 42.3087 ] ] ] ] } },
{ "type": "Feature", "properties": { "town_name": "Manchester-by-the-Sea", "fill_color": "#009688" }, "geometry": { "type": "MultiPolygon", "coordinates": [ [ [ [ -70.72374, 42.56702 ], [ -70.7209, 42.56673 ], [ -70.72122, 42.56993 ], [ -70.72374, 42.56702 ] ] ], [ [ [ -70.78324, 42.55234 ], [ -70.78099, 42.55241 ], [ -70.78069, 42.55364 ], [ -70.78324, 42.55234 ] ] ], [ [ [ -70.81454, 42.59342 ], [ -70.80693, 42.58035 ], [ -70.79316, 42.56693 ], [ -70.7935, 42.56431 ], [ -70.77748, 42.55936 ], [ -70.76372, 42.56168 ], [ -70.75728, 42.57045 ], [ -70.74014, 42.57481 ], [ -70.73704, 42.57686 ], [ -70.73093, 42.57449 ], [ -70.72969, 42.57151 ], [ -70.71533, 42.5723 ], [ -70.71711, 42.58151 ], [ -70.74045, 42.59 ], [ -70.74565, 42.59958 ], [ -70.80083, 42.59534 ], [ -70.81454, 42.59342 ] ] ] ] } },
{ "type": "Feature", "properties": { "town_name": "Blackstone", "fill_color": "transparent" }, "geometry": { "type": "MultiPolygon", "coordinates": [ [ [ [ -71.56392, 42.06406 ], [ -71.56367, 42.01428 ], [ -71.50206, 42.01701 ], [ -71.49826, 42.01722 ], [ -71.49829, 42.06488 ], [ -71.56392, 42.06406 ] ] ] ] } },
{ "type": "Feature", "properties": { "town_name": "Westport", "fill_color": "transparent" }, "geometry": { "type": "MultiPolygon", "coordinates": [ [ [ [ -71.13394, 41.62871 ], [ -71.13749, 41.60256 ], [ -71.13131, 41.59231 ], [ -71.12057, 41.49745 ], [ -71.11578, 41.49651 ], [ -71.1138, 41.50011 ], [ -71.10681, 41.50247 ], [ -71.09305, 41.50421 ], [ -71.08566, 41.50929 ], [ -71.06877, 41.50842 ], [ -71.04859, 41.50266 ], [ -71.04101, 41.49753 ], [ -71.0412, 41.49091 ], [ -71.03836, 41.4811 ], [ -71.03551, 41.48164 ], [ -71.03361, 41.4868 ], [ -71.03835, 41.49218 ], [ -71.03551, 41.49905 ], [ -71.02225, 41.50447 ], [ -71.02994, 41.51787 ], [ -71.03271, 41.52777 ], [ -71.0266, 41.53042 ], [ -71.03143, 41.54651 ], [ -71.02973, 41.56056 ], [ -71.03457, 41.57332 ], [ -71.0449, 41.58731 ], [ -71.04486, 41.58978 ], [ -71.03681, 41.59817 ], [ -71.03807, 41.6102 ], [ -71.03651, 41.61737 ], [ -71.03852, 41.62804 ], [ -71.04887, 41.64015 ], [ -71.05776, 41.65823 ], [ -71.06376, 41.66685 ], [ -71.07512, 41.67807 ], [ -71.07667, 41.68747 ], [ -71.10569, 41.6928 ], [ -71.11441, 41.6928 ], [ -71.11922, 41.67982 ], [ -71.13405, 41.63202 ], [ -71.13394, 41.62871 ] ] ] ] } },
{ "type": "Feature", "properties": { "town_name": "Shelburne", "fill_color": "transparent" }, "geometry": { "type": "MultiPolygon", "coordinates": [ [ [ [ -72.74027, 42.60246 ], [ -72.73595, 42.60272 ], [ -72.73143, 42.59596 ], [ -72.73035, 42.59162 ], [ -72.71933, 42.58549 ], [ -72.71531, 42.58042 ], [ -72.71124, 42.57862 ], [ -72.70686, 42.57663 ], [ -72.7066, 42.56749 ], [ -72.70365, 42.56437 ], [ -72.69964, 42.56337 ], [ -72.69156, 42.56406 ], [ -72.68017, 42.56272 ], [ -72.67875, 42.55583 ], [ -72.67542, 42.55303 ], [ -72.65534, 42.55523 ], [ -72.65197, 42.56863 ], [ -72.63888, 42.57002 ], [ -72.63682, 42.57798 ], [ -72.64993, 42.57687 ], [ -72.63304, 42.64535 ], [ -72.73436, 42.63319 ], [ -72.73689, 42.62702 ], [ -72.73546, 42.62629 ], [ -72.73724, 42.61968 ], [ -72.73543, 42.61615 ], [ -72.74027, 42.60246 ] ] ] ] } },
{ "type": "Feature", "properties": { "town_name": "Dracut", "fill_color": "transparent" }, "geometry": { "type": "MultiPolygon", "coordinates": [ [ [ [ -71.37876, 42.68301 ], [ -71.37158, 42.66414 ], [ -71.36963, 42.66933 ], [ -71.36643, 42.66668 ], [ -71.36888, 42.66175 ], [ -71.35752, 42.65445 ], [ -71.30064, 42.66629 ], [ -71.28787, 42.65025 ], [ -71.28686, 42.64887 ], [ -71.28004, 42.65434 ], [ -71.26435, 42.65767 ], [ -71.25497, 42.65777 ], [ -71.25011, 42.66099 ], [ -71.24249, 42.66235 ], [ -71.23843, 42.67076 ], [ -71.25515, 42.73655 ], [ -71.2679, 42.72589 ], [ -71.27852, 42.71181 ], [ -71.2942, 42.69699 ], [ -71.36973, 42.69858 ], [ -71.37437, 42.69326 ], [ -71.37401, 42.68937 ], [ -71.37876, 42.68301 ] ] ] ] } },
{ "type": "Feature", "properties": { "town_name": "Williamstown", "fill_color": "#009688" }, "geometry": { "type": "MultiPolygon", "coordinates": [ [ [ [ -73.307, 42.63265 ], [ -73.17154, 42.62871 ], [ -73.16777, 42.68665 ], [ -73.17724, 42.68704 ], [ -73.17537, 42.71228 ], [ -73.1659, 42.71183 ], [ -73.16364, 42.74393 ], [ -73.26496, 42.74594 ], [ -73.307, 42.63265 ] ] ] ] } },
{ "type": "Feature", "properties": { "town_name": "Dedham", "fill_color": "transparent" }, "geometry": { "type": "MultiPolygon", "coordinates": [ [ [ [ -71.23172, 42.25927 ], [ -71.20568, 42.24304 ], [ -71.18607, 42.22863 ], [ -71.16672, 42.2236 ], [ -71.14592, 42.20923 ], [ -71.1426, 42.21139 ], [ -71.14241, 42.21453 ], [ -71.14008, 42.22393 ], [ -71.13431, 42.2274 ], [ -71.13077, 42.22793 ], [ -71.14268, 42.236 ], [ -71.14664, 42.25576 ], [ -71.15212, 42.25825 ], [ -71.15858, 42.25515 ], [ -71.17461, 42.26837 ], [ -71.17358, 42.27142 ], [ -71.17457, 42.27558 ], [ -71.17746, 42.27687 ], [ -71.18316, 42.27591 ], [ -71.18599, 42.27977 ], [ -71.18821, 42.28044 ], [ -71.19669, 42.26922 ], [ -71.20328, 42.26725 ], [ -71.21811, 42.26865 ], [ -71.21957, 42.26382 ], [ -71.22376, 42.2629 ], [ -71.22917, 42.26415 ], [ -71.23172, 42.25927 ] ] ] ] } },
{ "type": "Feature", "properties": { "town_name": "Natick", "fill_color": "#009688" }, "geometry": { "type": "MultiPolygon", "coordinates": [ [ [ [ -71.40253, 42.29333 ], [ -71.39959, 42.28116 ], [ -71.39655, 42.27597 ], [ -71.39586, 42.27291 ], [ -71.37683, 42.26949 ], [ -71.35661, 42.26303 ], [ -71.35641, 42.25956 ], [ -71.35178, 42.25582 ], [ -71.34178, 42.25354 ], [ -71.34246, 42.25045 ], [ -71.33243, 42.24773 ], [ -71.3325, 42.24907 ], [ -71.30292, 42.24827 ], [ -71.30846, 42.27071 ], [ -71.32635, 42.30429 ], [ -71.32975, 42.31299 ], [ -71.32733, 42.31375 ], [ -71.32878, 42.33168 ], [ -71.33375, 42.3324 ], [ -71.34216, 42.31911 ], [ -71.34589, 42.31493 ], [ -71.35991, 42.31715 ], [ -71.36849, 42.31281 ], [ -71.37061, 42.31026 ], [ -71.3734, 42.30985 ], [ -71.37769, 42.31467 ], [ -71.38752, 42.30207 ], [ -71.40253, 42.29333 ] ] ] ] } },
{ "type": "Feature", "properties": { "town_name": "Charlton", "fill_color": "transparent" }, "geometry": { "type": "MultiPolygon", "coordinates": [ [ [ [ -72.04682, 42.13492 ], [ -72.04201, 42.11164 ], [ -72.03961, 42.1123 ], [ -72.03908, 42.10906 ], [ -72.03619, 42.10948 ], [ -72.03599, 42.10824 ], [ -72.03084, 42.1098 ], [ -72.03176, 42.11439 ], [ -72.02905, 42.11511 ], [ -72.0276, 42.10741 ], [ -72.02549, 42.10793 ], [ -72.02729, 42.10503 ], [ -72.00299, 42.09659 ], [ -71.99814, 42.09787 ], [ -71.99608, 42.08728 ], [ -71.99388, 42.08752 ], [ -71.99487, 42.08536 ], [ -71.99336, 42.08569 ], [ -71.99266, 42.08314 ], [ -71.99659, 42.08212 ], [ -71.99575, 42.07745 ], [ -71.9925, 42.07819 ], [ -71.99284, 42.07256 ], [ -71.90923, 42.09126 ], [ -71.9119, 42.10132 ], [ -71.89949, 42.10411 ], [ -71.91697, 42.19086 ], [ -72.01989, 42.18376 ], [ -72.0186, 42.1757 ], [ -72.02944, 42.17443 ], [ -72.02401, 42.14179 ], [ -72.04682, 42.13492 ] ] ] ] } },
{ "type": "Feature", "properties": { "town_name": "Whitman", "fill_color": "transparent" }, "geometry": { "type": "MultiPolygon", "coordinates": [ [ [ [ -70.97539, 42.0875 ], [ -70.97523, 42.07118 ], [ -70.951, 42.06087 ], [ -70.929, 42.06625 ], [ -70.9129, 42.06502 ], [ -70.90819, 42.06173 ], [ -70.91259, 42.08449 ], [ -70.90241, 42.0859 ], [ -70.91591, 42.10012 ], [ -70.95895, 42.09154 ], [ -70.97539, 42.0875 ] ] ] ] } },
{ "type": "Feature", "properties": { "town_name": "Weston", "fill_color": "#009688" }, "geometry": { "type": "MultiPolygon", "coordinates": [ [ [ [ -71.33499, 42.38624 ], [ -71.32733, 42.31375 ], [ -71.26996, 42.32809 ], [ -71.27029, 42.33086 ], [ -71.26513, 42.33183 ], [ -71.26314, 42.3349 ], [ -71.2592, 42.33542 ], [ -71.25583, 42.339 ], [ -71.25825, 42.34119 ], [ -71.26188, 42.34215 ], [ -71.25863, 42.35005 ], [ -71.26038, 42.35363 ], [ -71.26431, 42.35485 ], [ -71.27128, 42.36337 ], [ -71.27354, 42.36551 ], [ -71.27022, 42.36827 ], [ -71.27362, 42.37374 ], [ -71.27599, 42.37589 ], [ -71.26776, 42.39014 ], [ -71.27617, 42.39292 ], [ -71.27958, 42.39875 ], [ -71.29338, 42.40224 ], [ -71.30994, 42.39963 ], [ -71.31222, 42.39582 ], [ -71.31352, 42.39628 ], [ -71.31775, 42.39217 ], [ -71.33457, 42.39611 ], [ -71.33499, 42.38624 ] ] ] ] } },
{ "type": "Feature", "properties": { "town_name": "Harwich", "fill_color": "transparent" }, "geometry": { "type": "MultiPolygon", "coordinates": [ [ [ [ -70.13385, 41.70614 ], [ -70.11651, 41.6555 ], [ -70.08658, 41.66304 ], [ -70.07597, 41.66395 ], [ -70.06451, 41.66305 ], [ -70.05552, 41.66484 ], [ -70.0374, 41.6675 ], [ -70.03717, 41.67215 ], [ -70.03182, 41.67907 ], [ -70.02729, 41.69987 ], [ -70.01331, 41.69994 ], [ -69.99327, 41.71241 ], [ -69.98852, 41.72499 ], [ -69.99163, 41.72866 ], [ -70.02444, 41.72776 ], [ -70.0282, 41.72442 ], [ -70.03203, 41.72384 ], [ -70.03863, 41.72665 ], [ -70.04336, 41.72512 ], [ -70.04325, 41.72378 ], [ -70.05061, 41.72165 ], [ -70.07021, 41.72317 ], [ -70.07554, 41.72182 ], [ -70.08696, 41.72593 ], [ -70.09405, 41.7245 ], [ -70.09637, 41.716 ], [ -70.13385, 41.70614 ] ] ] ] } },
{ "type": "Feature", "properties": { "town_name": "Swampscott", "fill_color": "#009688" }, "geometry": { "type": "MultiPolygon", "coordinates": [ [ [ [ -70.93115, 42.48496 ], [ -70.92192, 42.4667 ], [ -70.90809, 42.4669 ], [ -70.90727, 42.46285 ], [ -70.90145, 42.46423 ], [ -70.89429, 42.4609 ], [ -70.88729, 42.4649 ], [ -70.88627, 42.47048 ], [ -70.8797, 42.47879 ], [ -70.90178, 42.48536 ], [ -70.90659, 42.48428 ], [ -70.93411, 42.49083 ], [ -70.93115, 42.48496 ] ] ] ] } },
{ "type": "Feature", "properties": { "town_name": "Brookline", "fill_color": "#009688" }, "geometry": { "type": "MultiPolygon", "coordinates": [ [ [ [ -71.17893, 42.31432 ], [ -71.15211, 42.29459 ], [ -71.14014, 42.30215 ], [ -71.12153, 42.32388 ], [ -71.11954, 42.32274 ], [ -71.11654, 42.32394 ], [ -71.11081, 42.33559 ], [ -71.1106, 42.3404 ], [ -71.10552, 42.34381 ], [ -71.10657, 42.34991 ], [ -71.12352, 42.35149 ], [ -71.13881, 42.34309 ], [ -71.14621, 42.33863 ], [ -71.16735, 42.32264 ], [ -71.17893, 42.31432 ] ] ] ] } },
{ "type": "Feature", "properties": { "town_name": "Hanson", "fill_color": "transparent" }, "geometry": { "type": "MultiPolygon", "coordinates": [ [ [ [ -70.91259, 42.08449 ], [ -70.89973, 42.0253 ], [ -70.89662, 42.02329 ], [ -70.89452, 42.02644 ], [ -70.86443, 42.02097 ], [ -70.86016, 42.01616 ], [ -70.84922, 42.01572 ], [ -70.83346, 42.01955 ], [ -70.84477, 42.0427 ], [ -70.84107, 42.04489 ], [ -70.84701, 42.04816 ], [ -70.84583, 42.05507 ], [ -70.83682, 42.05929 ], [ -70.84101, 42.06041 ], [ -70.83822, 42.06388 ], [ -70.8439, 42.07719 ], [ -70.84266, 42.08887 ], [ -70.84555, 42.09188 ], [ -70.84335, 42.09476 ], [ -70.84906, 42.09576 ], [ -70.85367, 42.09541 ], [ -70.85549, 42.09242 ], [ -70.86182, 42.08918 ], [ -70.8653, 42.09062 ], [ -70.87001, 42.0873 ], [ -70.87494, 42.08967 ], [ -70.91259, 42.08449 ] ] ] ] } },
{ "type": "Feature", "properties": { "town_name": "Millis", "fill_color": "#009688" }, "geometry": { "type": "MultiPolygon", "coordinates": [ [ [ [ -71.40443, 42.18843 ], [ -71.4023, 42.17879 ], [ -71.37562, 42.13545 ], [ -71.37126, 42.13321 ], [ -71.36676, 42.13383 ], [ -71.36633, 42.13193 ], [ -71.36394, 42.13309 ], [ -71.36342, 42.13224 ], [ -71.36035, 42.13499 ], [ -71.3588, 42.13453 ], [ -71.34865, 42.14058 ], [ -71.34218, 42.14827 ], [ -71.33452, 42.15355 ], [ -71.33423, 42.1564 ], [ -71.33147, 42.15763 ], [ -71.33316, 42.1593 ], [ -71.33105, 42.16168 ], [ -71.33278, 42.16363 ], [ -71.33401, 42.16662 ], [ -71.33162, 42.1678 ], [ -71.33334, 42.1695 ], [ -71.32616, 42.17293 ], [ -71.32397, 42.17182 ], [ -71.32313, 42.17354 ], [ -71.31968, 42.17423 ], [ -71.3183, 42.17823 ], [ -71.32089, 42.17833 ], [ -71.32016, 42.1799 ], [ -71.32656, 42.18282 ], [ -71.32613, 42.18421 ], [ -71.32961, 42.18506 ], [ -71.32845, 42.18626 ], [ -71.33433, 42.18852 ], [ -71.33559, 42.19101 ], [ -71.33946, 42.19077 ], [ -71.34046, 42.19511 ], [ -71.33837, 42.19545 ], [ -71.34027, 42.19796 ], [ -71.34382, 42.19856 ], [ -71.34417, 42.2007 ], [ -71.36199, 42.19576 ], [ -71.40443, 42.18843 ] ] ] ] } },
{ "type": "Feature", "properties": { "town_name": "Pepperell", "fill_color": "transparent" }, "geometry": { "type": "MultiPolygon", "coordinates": [ [ [ [ -71.65793, 42.64994 ], [ -71.64899, 42.64423 ], [ -71.63078, 42.63516 ], [ -71.60824, 42.62739 ], [ -71.60603, 42.63097 ], [ -71.60065, 42.62611 ], [ -71.59313, 42.62651 ], [ -71.59295, 42.62927 ], [ -71.58792, 42.63083 ], [ -71.58922, 42.63291 ], [ -71.59309, 42.63383 ], [ -71.59126, 42.63573 ], [ -71.59175, 42.6374 ], [ -71.58884, 42.63715 ], [ -71.58648, 42.64642 ], [ -71.58382, 42.64603 ], [ -71.58296, 42.64414 ], [ -71.5791, 42.65138 ], [ -71.57889, 42.65441 ], [ -71.53714, 42.66349 ], [ -71.53241, 42.66898 ], [ -71.53886, 42.67417 ], [ -71.5574, 42.67632 ], [ -71.55605, 42.68042 ], [ -71.55644, 42.68955 ], [ -71.54439, 42.69887 ], [ -71.54269, 42.70268 ], [ -71.65183, 42.70523 ], [ -71.65072, 42.69092 ], [ -71.65793, 42.64994 ] ] ] ] } },
{ "type": "Feature", "properties": { "town_name": "Lunenburg", "fill_color": "#AB47BC" }, "geometry": { "type": "MultiPolygon", "coordinates": [ [ [ [ -71.77576, 42.64423 ], [ -71.7715, 42.60627 ], [ -71.77294, 42.56965 ], [ -71.76489, 42.56284 ], [ -71.74507, 42.57386 ], [ -71.72042, 42.55233 ], [ -71.71123, 42.53535 ], [ -71.67897, 42.53043 ], [ -71.6646, 42.6116 ], [ -71.77576, 42.64423 ] ] ] ] } },
{ "type": "Feature", "properties": { "town_name": "Paxton", "fill_color": "#009688" }, "geometry": { "type": "MultiPolygon", "coordinates": [ [ [ [ -71.98941, 42.31019 ], [ -71.96729, 42.31068 ], [ -71.96053, 42.28142 ], [ -71.88564, 42.28458 ], [ -71.88404, 42.28125 ], [ -71.87539, 42.28654 ], [ -71.88215, 42.29196 ], [ -71.87952, 42.29372 ], [ -71.87899, 42.29752 ], [ -71.89145, 42.29574 ], [ -71.91122, 42.3333 ], [ -71.9035, 42.33567 ], [ -71.90584, 42.34051 ], [ -71.90172, 42.34166 ], [ -71.90541, 42.34943 ], [ -71.92062, 42.34758 ], [ -71.95396, 42.33353 ], [ -71.97165, 42.32914 ], [ -71.99378, 42.31934 ], [ -71.98941, 42.31019 ] ] ] ] } },
{ "type": "Feature", "properties": { "town_name": "Southborough", "fill_color": "#009688" }, "geometry": { "type": "MultiPolygon", "coordinates": [ [ [ [ -71.58521, 42.31095 ], [ -71.54274, 42.26974 ], [ -71.54294, 42.26718 ], [ -71.54795, 42.26594 ], [ -71.53963, 42.26279 ], [ -71.53801, 42.26456 ], [ -71.52799, 42.26653 ], [ -71.52218, 42.26645 ], [ -71.51388, 42.26758 ], [ -71.50648, 42.26428 ], [ -71.50588, 42.27294 ], [ -71.48635, 42.31045 ], [ -71.48511, 42.32316 ], [ -71.48674, 42.32994 ], [ -71.50822, 42.32793 ], [ -71.51653, 42.33034 ], [ -71.55113, 42.3264 ], [ -71.57031, 42.31966 ], [ -71.58521, 42.31095 ] ] ] ] } },
{ "type": "Feature", "properties": { "town_name": "Sterling", "fill_color": "#009688" }, "geometry": { "type": "MultiPolygon", "coordinates": [ [ [ [ -71.8356, 42.4836 ], [ -71.8278, 42.47206 ], [ -71.82719, 42.46357 ], [ -71.82406, 42.46182 ], [ -71.82011, 42.4521 ], [ -71.82099, 42.4507 ], [ -71.81766, 42.44646 ], [ -71.81315, 42.44556 ], [ -71.83174, 42.43183 ], [ -71.81778, 42.40396 ], [ -71.78655, 42.39898 ], [ -71.7633, 42.40037 ], [ -71.74192, 42.39277 ], [ -71.74192, 42.38685 ], [ -71.72598, 42.39029 ], [ -71.72158, 42.40924 ], [ -71.71836, 42.41022 ], [ -71.7187, 42.47337 ], [ -71.83002, 42.49219 ], [ -71.8356, 42.4836 ] ] ] ] } },
{ "type": "Feature", "properties": { "town_name": "Chilmark", "fill_color": "transparent" }, "geometry": { "type": "MultiPolygon", "coordinates": [ [ [ [ -70.79991, 41.31312 ], [ -70.77567, 41.30098 ], [ -70.76869, 41.3037 ], [ -70.76617, 41.30896 ], [ -70.76801, 41.31196 ], [ -70.76419, 41.31871 ], [ -70.74839, 41.32681 ], [ -70.74754, 41.32995 ], [ -70.73325, 41.33623 ], [ -70.70983, 41.34172 ], [ -70.69111, 41.3443 ], [ -70.65119, 41.34682 ], [ -70.65609, 41.35479 ], [ -70.66546, 41.36323 ], [ -70.66832, 41.3735 ], [ -70.67358, 41.37446 ], [ -70.67704, 41.37748 ], [ -70.68422, 41.37185 ], [ -70.70578, 41.4011 ], [ -70.71235, 41.40942 ], [ -70.71971, 41.40466 ], [ -70.72437, 41.39894 ], [ -70.73186, 41.3978 ], [ -70.73698, 41.39153 ], [ -70.74507, 41.37659 ], [ -70.74909, 41.37519 ], [ -70.75864, 41.36695 ], [ -70.7683, 41.35405 ], [ -70.7652, 41.35109 ], [ -70.76636, 41.3446 ], [ -70.78487, 41.32799 ], [ -70.78444, 41.31355 ], [ -70.80011, 41.31819 ], [ -70.79991, 41.31312 ] ] ], [ [ [ -70.83204, 41.2595 ], [ -70.82837, 41.25474 ], [ -70.82128, 41.25101 ], [ -70.80424, 41.24946 ], [ -70.80156, 41.25841 ], [ -70.80961, 41.2607 ], [ -70.81287, 41.2641 ], [ -70.81967, 41.26006 ], [ -70.83204, 41.2595 ] ] ] ] } },
{ "type": "Feature", "properties": { "town_name": "Worcester", "fill_color": "transparent" }, "geometry": { "type": "MultiPolygon", "coordinates": [ [ [ [ -71.88404, 42.28125 ], [ -71.85663, 42.22668 ], [ -71.80989, 42.23093 ], [ -71.79711, 42.21005 ], [ -71.73343, 42.23797 ], [ -71.73124, 42.24129 ], [ -71.74608, 42.24384 ], [ -71.75227, 42.26019 ], [ -71.75854, 42.29622 ], [ -71.77513, 42.32186 ], [ -71.78616, 42.34102 ], [ -71.88404, 42.28125 ] ] ] ] } },
{ "type": "Feature", "properties": { "town_name": "Dighton", "fill_color": "#AB47BC" }, "geometry": { "type": "MultiPolygon", "coordinates": [ [ [ [ -71.20346, 41.88184 ], [ -71.19354, 41.81654 ], [ -71.17623, 41.8159 ], [ -71.17105, 41.78937 ], [ -71.11961, 41.79097 ], [ -71.11755, 41.79975 ], [ -71.11833, 41.80822 ], [ -71.11236, 41.81358 ], [ -71.1177, 41.82494 ], [ -71.11458, 41.82975 ], [ -71.10952, 41.8317 ], [ -71.10838, 41.83693 ], [ -71.11284, 41.84868 ], [ -71.10782, 41.85324 ], [ -71.12076, 41.85822 ], [ -71.12247, 41.86218 ], [ -71.12138, 41.86439 ], [ -71.12588, 41.8678 ], [ -71.13042, 41.86836 ], [ -71.13064, 41.87028 ], [ -71.20346, 41.88184 ] ] ] ] } },
{ "type": "Feature", "properties": { "town_name": "New Bedford", "fill_color": "transparent" }, "geometry": { "type": "MultiPolygon", "coordinates": [ [ [ [ -70.9775, 41.67871 ], [ -70.9697, 41.64865 ], [ -70.96045, 41.64023 ], [ -70.94973, 41.62093 ], [ -70.93642, 41.61437 ], [ -70.93461, 41.60994 ], [ -70.93297, 41.61091 ], [ -70.93235, 41.60821 ], [ -70.93029, 41.60845 ], [ -70.93046, 41.61327 ], [ -70.92238, 41.61434 ], [ -70.91658, 41.60748 ], [ -70.90908, 41.5937 ], [ -70.90205, 41.59158 ], [ -70.89861, 41.59265 ], [ -70.90537, 41.61123 ], [ -70.9132, 41.61927 ], [ -70.90883, 41.62358 ], [ -70.90597, 41.6238 ], [ -70.90669, 41.62513 ], [ -70.90758, 41.6305 ], [ -70.91318, 41.6345 ], [ -70.91388, 41.6375 ], [ -70.90998, 41.64161 ], [ -70.91188, 41.64421 ], [ -70.91698, 41.6447 ], [ -70.91998, 41.6492 ], [ -70.91659, 41.65909 ], [ -70.91748, 41.6663 ], [ -70.91606, 41.67645 ], [ -70.91974, 41.68358 ], [ -70.92357, 41.68575 ], [ -70.94299, 41.74467 ], [ -70.9654, 41.734 ], [ -70.9775, 41.67871 ] ] ] ] } },
{ "type": "Feature", "properties": { "town_name": "Seekonk", "fill_color": "transparent" }, "geometry": { "type": "MultiPolygon", "coordinates": [ [ [ [ -71.3472, 41.8231 ], [ -71.33927, 41.80661 ], [ -71.3407, 41.7983 ], [ -71.3358, 41.7948 ], [ -71.3322, 41.7923 ], [ -71.3293, 41.7868 ], [ -71.3294, 41.7826 ], [ -71.3279, 41.7805 ], [ -71.31639, 41.77551 ], [ -71.29246, 41.77488 ], [ -71.30072, 41.90366 ], [ -71.33876, 41.89839 ], [ -71.3408, 41.8816 ], [ -71.33449, 41.86124 ], [ -71.3418, 41.8437 ], [ -71.3352, 41.8355 ], [ -71.34589, 41.82589 ], [ -71.3472, 41.8231 ] ] ] ] } },
{ "type": "Feature", "properties": { "town_name": "Holyoke", "fill_color": "transparent" }, "geometry": { "type": "MultiPolygon", "coordinates": [ [ [ [ -72.68624, 42.18883 ], [ -72.68489, 42.16294 ], [ -72.62734, 42.16203 ], [ -72.6279, 42.17538 ], [ -72.62374, 42.18455 ], [ -72.60617, 42.19137 ], [ -72.59171, 42.20112 ], [ -72.59048, 42.20669 ], [ -72.59345, 42.21156 ], [ -72.6038, 42.21387 ], [ -72.61075, 42.21942 ], [ -72.61513, 42.22681 ], [ -72.62366, 42.23166 ], [ -72.62134, 42.24182 ], [ -72.61155, 42.25691 ], [ -72.59917, 42.26738 ], [ -72.60121, 42.28126 ], [ -72.60523, 42.28446 ], [ -72.61314, 42.28627 ], [ -72.63459, 42.27394 ], [ -72.65184, 42.23764 ], [ -72.65654, 42.22774 ], [ -72.66777, 42.22546 ], [ -72.67003, 42.2165 ], [ -72.69051, 42.21308 ], [ -72.68624, 42.18883 ] ] ] ] } },
{ "type": "Feature", "properties": { "town_name": "Springfield", "fill_color": "transparent" }, "geometry": { "type": "MultiPolygon", "coordinates": [ [ [ [ -72.62148, 42.12379 ], [ -72.62072, 42.11593 ], [ -72.61051, 42.10634 ], [ -72.59199, 42.09673 ], [ -72.58411, 42.087 ], [ -72.58358, 42.07814 ], [ -72.58938, 42.07219 ], [ -72.53664, 42.06374 ], [ -72.53955, 42.08121 ], [ -72.47109, 42.08972 ], [ -72.48084, 42.13799 ], [ -72.48471, 42.15654 ], [ -72.4881, 42.15796 ], [ -72.48663, 42.15951 ], [ -72.48946, 42.15904 ], [ -72.48977, 42.16206 ], [ -72.50622, 42.16205 ], [ -72.51383, 42.16093 ], [ -72.52474, 42.16026 ], [ -72.53338, 42.15737 ], [ -72.5358, 42.15748 ], [ -72.53722, 42.15531 ], [ -72.54032, 42.15535 ], [ -72.54081, 42.15755 ], [ -72.62148, 42.12379 ] ] ] ] } },
{ "type": "Feature", "properties": { "town_name": "Lincoln", "fill_color": "#009688" }, "geometry": { "type": "MultiPolygon", "coordinates": [ [ [ [ -71.36634, 42.41272 ], [ -71.3326, 42.39944 ], [ -71.33457, 42.39611 ], [ -71.31775, 42.39217 ], [ -71.31524, 42.39348 ], [ -71.31352, 42.39628 ], [ -71.31222, 42.39582 ], [ -71.30994, 42.39963 ], [ -71.29338, 42.40224 ], [ -71.28323, 42.39898 ], [ -71.2812, 42.40269 ], [ -71.28603, 42.4041 ], [ -71.28142, 42.41218 ], [ -71.27442, 42.40988 ], [ -71.26615, 42.42992 ], [ -71.27269, 42.4597 ], [ -71.28012, 42.46006 ], [ -71.28184, 42.45964 ], [ -71.28968, 42.46618 ], [ -71.2893, 42.46456 ], [ -71.30319, 42.46125 ], [ -71.3048, 42.45276 ], [ -71.31267, 42.45457 ], [ -71.35256, 42.42692 ], [ -71.35708, 42.41983 ], [ -71.36256, 42.42106 ], [ -71.36457, 42.42008 ], [ -71.36521, 42.41335 ], [ -71.36634, 42.41272 ] ] ] ] } },
{ "type": "Feature", "properties": { "town_name": "Newton", "fill_color": "#009688" }, "geometry": { "type": "MultiPolygon", "coordinates": [ [ [ [ -71.26996, 42.32809 ], [ -71.26309, 42.32605 ], [ -71.259, 42.32634 ], [ -71.2574, 42.32448 ], [ -71.25294, 42.32676 ], [ -71.2468, 42.32106 ], [ -71.23842, 42.32179 ], [ -71.23091, 42.32073 ], [ -71.22803, 42.31684 ], [ -71.22631, 42.31028 ], [ -71.22669, 42.30825 ], [ -71.21327, 42.30616 ], [ -71.21156, 42.29973 ], [ -71.20635, 42.29427 ], [ -71.20524, 42.28957 ], [ -71.19579, 42.2862 ], [ -71.19527, 42.28797 ], [ -71.19089, 42.28582 ], [ -71.1909, 42.28325 ], [ -71.17864, 42.2946 ], [ -71.1647, 42.30383 ], [ -71.17893, 42.31432 ], [ -71.15704, 42.33039 ], [ -71.16273, 42.33396 ], [ -71.16756, 42.33344 ], [ -71.16894, 42.33845 ], [ -71.1667, 42.34001 ], [ -71.17426, 42.34958 ], [ -71.17394, 42.3534 ], [ -71.16865, 42.36021 ], [ -71.17527, 42.35927 ], [ -71.18237, 42.36041 ], [ -71.18523, 42.3592 ], [ -71.1963, 42.3618 ], [ -71.19221, 42.36542 ], [ -71.19633, 42.36718 ], [ -71.20722, 42.36414 ], [ -71.21719, 42.36653 ], [ -71.25373, 42.35504 ], [ -71.25611, 42.35382 ], [ -71.25646, 42.35491 ], [ -71.26038, 42.35363 ], [ -71.25863, 42.35005 ], [ -71.26188, 42.34215 ], [ -71.25583, 42.339 ], [ -71.2592, 42.33542 ], [ -71.26473, 42.33394 ], [ -71.26513, 42.33183 ], [ -71.27029, 42.33086 ], [ -71.26996, 42.32809 ] ] ] ] } },
{ "type": "Feature", "properties": { "town_name": "Somerville", "fill_color": "#AB47BC" }, "geometry": { "type": "MultiPolygon", "coordinates": [ [ [ [ -71.13387, 42.40704 ], [ -71.13363, 42.40348 ], [ -71.12299, 42.39238 ], [ -71.12097, 42.39371 ], [ -71.11709, 42.38958 ], [ -71.11686, 42.38668 ], [ -71.10161, 42.37437 ], [ -71.07591, 42.374 ], [ -71.07495, 42.37292 ], [ -71.07269, 42.37322 ], [ -71.07566, 42.3802 ], [ -71.0807, 42.38104 ], [ -71.0735, 42.3918 ], [ -71.07715, 42.39678 ], [ -71.08569, 42.40065 ], [ -71.09388, 42.39963 ], [ -71.09553, 42.40011 ], [ -71.10039, 42.39622 ], [ -71.11492, 42.40217 ], [ -71.11554, 42.40514 ], [ -71.12388, 42.40823 ], [ -71.12336, 42.40919 ], [ -71.12787, 42.41058 ], [ -71.12704, 42.41233 ], [ -71.12992, 42.41333 ], [ -71.12675, 42.41815 ], [ -71.13244, 42.41522 ], [ -71.13387, 42.40704 ] ] ] ] } },
{ "type": "Feature", "properties": { "town_name": "Tyngsborough", "fill_color": "#AB47BC" }, "geometry": { "type": "MultiPolygon", "coordinates": [ [ [ [ -71.49859, 42.63879 ], [ -71.49353, 42.6174 ], [ -71.41764, 42.65377 ], [ -71.41198, 42.64797 ], [ -71.40403, 42.64841 ], [ -71.40278, 42.64677 ], [ -71.39832, 42.64549 ], [ -71.40203, 42.6511 ], [ -71.39899, 42.65247 ], [ -71.39434, 42.64847 ], [ -71.38092, 42.64901 ], [ -71.38247, 42.65277 ], [ -71.3782, 42.66069 ], [ -71.36888, 42.66175 ], [ -71.36643, 42.66668 ], [ -71.36963, 42.66933 ], [ -71.37158, 42.66414 ], [ -71.37876, 42.68301 ], [ -71.37401, 42.68937 ], [ -71.37437, 42.69326 ], [ -71.36973, 42.69858 ], [ -71.45769, 42.70066 ], [ -71.45634, 42.69585 ], [ -71.46103, 42.69197 ], [ -71.45958, 42.69047 ], [ -71.45703, 42.69066 ], [ -71.45612, 42.68635 ], [ -71.45209, 42.68715 ], [ -71.44728, 42.6775 ], [ -71.44642, 42.67041 ], [ -71.45234, 42.66974 ], [ -71.44783, 42.66661 ], [ -71.44696, 42.66317 ], [ -71.45544, 42.66121 ], [ -71.45493, 42.66011 ], [ -71.45868, 42.65975 ], [ -71.45719, 42.65837 ], [ -71.47478, 42.64989 ], [ -71.47948, 42.65879 ], [ -71.48251, 42.65103 ], [ -71.49246, 42.6491 ], [ -71.4963, 42.64977 ], [ -71.49859, 42.63879 ] ] ] ] } },
{ "type": "Feature", "properties": { "town_name": "Northborough", "fill_color": "#009688" }, "geometry": { "type": "MultiPolygon", "coordinates": [ [ [ [ -71.68971, 42.31882 ], [ -71.68025, 42.30423 ], [ -71.677, 42.28615 ], [ -71.67011, 42.27876 ], [ -71.64279, 42.28815 ], [ -71.64259, 42.29025 ], [ -71.6377, 42.29393 ], [ -71.63703, 42.29629 ], [ -71.6345, 42.29681 ], [ -71.63321, 42.30056 ], [ -71.58003, 42.30589 ], [ -71.59736, 42.32102 ], [ -71.60527, 42.33016 ], [ -71.60359, 42.33168 ], [ -71.6041, 42.33677 ], [ -71.61826, 42.34259 ], [ -71.62066, 42.34525 ], [ -71.62582, 42.34972 ], [ -71.6247, 42.35046 ], [ -71.63394, 42.3584 ], [ -71.67637, 42.36488 ], [ -71.68971, 42.31882 ] ] ] ] } },
{ "type": "Feature", "properties": { "town_name": "Deerfield", "fill_color": "#009688" }, "geometry": { "type": "MultiPolygon", "coordinates": [ [ [ [ -72.67542, 42.55303 ], [ -72.66327, 42.54835 ], [ -72.66102, 42.54419 ], [ -72.65565, 42.54041 ], [ -72.64875, 42.52941 ], [ -72.66277, 42.46926 ], [ -72.63243, 42.47288 ], [ -72.6315, 42.46827 ], [ -72.61114, 42.47118 ], [ -72.60923, 42.46397 ], [ -72.58486, 42.4676 ], [ -72.57072, 42.48374 ], [ -72.56705, 42.49841 ], [ -72.55531, 42.50872 ], [ -72.55645, 42.51312 ], [ -72.56704, 42.52452 ], [ -72.56874, 42.53372 ], [ -72.5558, 42.55475 ], [ -72.55716, 42.56642 ], [ -72.56204, 42.57558 ], [ -72.57509, 42.57938 ], [ -72.57814, 42.57849 ], [ -72.57924, 42.57133 ], [ -72.59285, 42.56875 ], [ -72.59466, 42.56629 ], [ -72.60007, 42.56825 ], [ -72.60287, 42.5718 ], [ -72.61309, 42.56978 ], [ -72.61587, 42.57024 ], [ -72.62401, 42.57061 ], [ -72.62974, 42.57874 ], [ -72.63682, 42.57798 ], [ -72.63888, 42.57002 ], [ -72.65197, 42.56863 ], [ -72.65534, 42.55523 ], [ -72.67542, 42.55303 ] ] ] ] } },
{ "type": "Feature", "properties": { "town_name": "Montague", "fill_color": "transparent" }, "geometry": { "type": "MultiPolygon", "coordinates": [ [ [ [ -72.58299, 42.58996 ], [ -72.58022, 42.58677 ], [ -72.57836, 42.5789 ], [ -72.57042, 42.57884 ], [ -72.56109, 42.57465 ], [ -72.55615, 42.56238 ], [ -72.5558, 42.55475 ], [ -72.56874, 42.53372 ], [ -72.56704, 42.52452 ], [ -72.55516, 42.51066 ], [ -72.55677, 42.5065 ], [ -72.45964, 42.51643 ], [ -72.45275, 42.55463 ], [ -72.45556, 42.5606 ], [ -72.46238, 42.56663 ], [ -72.4661, 42.57672 ], [ -72.47475, 42.57421 ], [ -72.48264, 42.5792 ], [ -72.49057, 42.57915 ], [ -72.49352, 42.58079 ], [ -72.50351, 42.58037 ], [ -72.49807, 42.58577 ], [ -72.49786, 42.58969 ], [ -72.49506, 42.59275 ], [ -72.49638, 42.5969 ], [ -72.50009, 42.59677 ], [ -72.50446, 42.59989 ], [ -72.50674, 42.60377 ], [ -72.52059, 42.6045 ], [ -72.5411, 42.5964 ], [ -72.54509, 42.5981 ], [ -72.54614, 42.60537 ], [ -72.55269, 42.61219 ], [ -72.56159, 42.60922 ], [ -72.57918, 42.59552 ], [ -72.58279, 42.59358 ], [ -72.58299, 42.58996 ] ] ] ] } },
{ "type": "Feature", "properties": { "town_name": "Orange", "fill_color": "transparent" }, "geometry": { "type": "MultiPolygon", "coordinates": [ [ [ [ -72.3623, 42.59522 ], [ -72.35708, 42.59884 ], [ -72.35379, 42.59798 ], [ -72.35679, 42.5487 ], [ -72.27135, 42.54723 ], [ -72.27666, 42.57044 ], [ -72.27643, 42.57737 ], [ -72.27384, 42.57743 ], [ -72.27323, 42.57934 ], [ -72.27, 42.57634 ], [ -72.26861, 42.57787 ], [ -72.26133, 42.57592 ], [ -72.26706, 42.60081 ], [ -72.26005, 42.60114 ], [ -72.25633, 42.60512 ], [ -72.25331, 42.60534 ], [ -72.25474, 42.61161 ], [ -72.23841, 42.61462 ], [ -72.22995, 42.61439 ], [ -72.22776, 42.61622 ], [ -72.22755, 42.62207 ], [ -72.22986, 42.62208 ], [ -72.22907, 42.624 ], [ -72.23159, 42.62486 ], [ -72.2278, 42.6265 ], [ -72.22531, 42.63043 ], [ -72.22908, 42.63835 ], [ -72.22493, 42.63894 ], [ -72.22948, 42.66267 ], [ -72.24211, 42.66164 ], [ -72.24349, 42.66925 ], [ -72.25732, 42.66794 ], [ -72.25854, 42.67542 ], [ -72.28554, 42.67339 ], [ -72.2832, 42.66246 ], [ -72.2954, 42.6608 ], [ -72.29317, 42.65058 ], [ -72.30338, 42.64884 ], [ -72.30189, 42.64143 ], [ -72.31282, 42.6408 ], [ -72.31119, 42.63284 ], [ -72.32157, 42.63148 ], [ -72.31843, 42.6149 ], [ -72.36477, 42.60943 ], [ -72.3623, 42.59522 ] ] ] ] } },
{ "type": "Feature", "properties": { "town_name": "Wendell", "fill_color": "transparent" }, "geometry": { "type": "MultiPolygon", "coordinates": [ [ [ [ -72.46381, 42.57382 ], [ -72.46238, 42.56663 ], [ -72.45393, 42.5583 ], [ -72.45363, 42.54975 ], [ -72.45964, 42.51643 ], [ -72.43954, 42.51858 ], [ -72.44088, 42.5104 ], [ -72.35818, 42.50135 ], [ -72.35379, 42.59798 ], [ -72.35931, 42.59853 ], [ -72.3623, 42.59522 ], [ -72.37357, 42.59941 ], [ -72.38469, 42.59785 ], [ -72.38934, 42.59586 ], [ -72.39285, 42.59789 ], [ -72.40263, 42.5983 ], [ -72.41623, 42.60775 ], [ -72.42817, 42.6067 ], [ -72.43401, 42.59976 ], [ -72.43787, 42.59786 ], [ -72.43702, 42.5947 ], [ -72.45701, 42.58155 ], [ -72.4661, 42.57672 ], [ -72.46381, 42.57382 ] ] ] ] } },
{ "type": "Feature", "properties": { "town_name": "New Marlborough", "fill_color": "transparent" }, "geometry": { "type": "MultiPolygon", "coordinates": [ [ [ [ -73.30436, 42.10671 ], [ -73.29633, 42.04703 ], [ -73.17213, 42.04324 ], [ -73.1863, 42.15357 ], [ -73.22447, 42.14819 ], [ -73.24708, 42.16858 ], [ -73.27324, 42.1663 ], [ -73.27511, 42.16811 ], [ -73.28914, 42.17228 ], [ -73.28724, 42.1592 ], [ -73.29709, 42.15921 ], [ -73.29127, 42.12074 ], [ -73.30436, 42.10671 ] ] ] ] } },
{ "type": "Feature", "properties": { "town_name": "Pittsfield", "fill_color": "transparent" }, "geometry": { "type": "MultiPolygon", "coordinates": [ [ [ [ -73.33891, 42.41857 ], [ -73.20636, 42.39813 ], [ -73.18605, 42.47089 ], [ -73.18233, 42.4849 ], [ -73.31174, 42.50461 ], [ -73.31511, 42.49295 ], [ -73.31954, 42.49344 ], [ -73.33891, 42.41857 ] ] ] ] } },
{ "type": "Feature", "properties": { "town_name": "Sheffield", "fill_color": "transparent" }, "geometry": { "type": "MultiPolygon", "coordinates": [ [ [ [ -73.43675, 42.05052 ], [ -73.29633, 42.04703 ], [ -73.30436, 42.10671 ], [ -73.29127, 42.12074 ], [ -73.29709, 42.15921 ], [ -73.38901, 42.16015 ], [ -73.38831, 42.15517 ], [ -73.39344, 42.15512 ], [ -73.39306, 42.15263 ], [ -73.40674, 42.1484 ], [ -73.40432, 42.132 ], [ -73.43485, 42.13236 ], [ -73.41995, 42.10385 ], [ -73.42819, 42.08179 ], [ -73.43675, 42.05052 ] ] ] ] } },
{ "type": "Feature", "properties": { "town_name": "Rochester", "fill_color": "#AB47BC" }, "geometry": { "type": "MultiPolygon", "coordinates": [ [ [ [ -70.92178, 41.79124 ], [ -70.90444, 41.758 ], [ -70.88644, 41.76023 ], [ -70.865, 41.70016 ], [ -70.84308, 41.70162 ], [ -70.84346, 41.70534 ], [ -70.79907, 41.71011 ], [ -70.795, 41.7286 ], [ -70.79174, 41.73259 ], [ -70.79372, 41.7347 ], [ -70.79321, 41.74317 ], [ -70.78577, 41.7474 ], [ -70.7875, 41.74981 ], [ -70.78663, 41.75686 ], [ -70.78005, 41.76279 ], [ -70.77881, 41.76131 ], [ -70.77449, 41.76956 ], [ -70.77792, 41.79594 ], [ -70.77286, 41.8021 ], [ -70.77183, 41.8072 ], [ -70.77174, 41.80892 ], [ -70.92178, 41.79124 ] ] ] ] } },
{ "type": "Feature", "properties": { "town_name": "Hatfield", "fill_color": "transparent" }, "geometry": { "type": "MultiPolygon", "coordinates": [ [ [ [ -72.67213, 42.37135 ], [ -72.64034, 42.37524 ], [ -72.63394, 42.35116 ], [ -72.61522, 42.35029 ], [ -72.59839, 42.35003 ], [ -72.59137, 42.35236 ], [ -72.58922, 42.35445 ], [ -72.58745, 42.36117 ], [ -72.59181, 42.37404 ], [ -72.58618, 42.38985 ], [ -72.59024, 42.39592 ], [ -72.58889, 42.39867 ], [ -72.58471, 42.399 ], [ -72.57897, 42.39739 ], [ -72.57531, 42.40089 ], [ -72.57646, 42.41153 ], [ -72.58114, 42.42258 ], [ -72.58558, 42.42314 ], [ -72.62909, 42.41431 ], [ -72.66914, 42.40971 ], [ -72.67213, 42.37135 ] ] ] ] } },
{ "type": "Feature", "properties": { "town_name": "Topsfield", "fill_color": "#009688" }, "geometry": { "type": "MultiPolygon", "coordinates": [ [ [ [ -70.98519, 42.61168 ], [ -70.98081, 42.60644 ], [ -70.96481, 42.59958 ], [ -70.94386, 42.60957 ], [ -70.93081, 42.6128 ], [ -70.92429, 42.62378 ], [ -70.91871, 42.62378 ], [ -70.91881, 42.62575 ], [ -70.91608, 42.62848 ], [ -70.90616, 42.63055 ], [ -70.90405, 42.63253 ], [ -70.907, 42.63468 ], [ -70.90465, 42.63817 ], [ -70.89597, 42.63937 ], [ -70.89629, 42.64372 ], [ -70.90024, 42.64754 ], [ -70.89831, 42.6481 ], [ -70.90177, 42.65284 ], [ -70.90502, 42.65208 ], [ -70.90562, 42.6587 ], [ -70.90362, 42.65951 ], [ -70.90496, 42.66199 ], [ -70.91634, 42.66075 ], [ -70.92053, 42.67008 ], [ -70.93603, 42.66349 ], [ -70.96898, 42.6732 ], [ -70.96036, 42.64908 ], [ -70.97637, 42.64071 ], [ -70.9735, 42.63658 ], [ -70.9748, 42.63475 ], [ -70.9723, 42.62902 ], [ -70.96822, 42.62625 ], [ -70.97667, 42.62232 ], [ -70.97607, 42.6211 ], [ -70.98226, 42.61668 ], [ -70.98519, 42.61168 ] ] ] ] } },
{ "type": "Feature", "properties": { "town_name": "Aquinnah", "fill_color": "transparent" }, "geometry": { "type": "MultiPolygon", "coordinates": [ [ [ [ -70.83878, 41.34721 ], [ -70.81941, 41.32721 ], [ -70.79991, 41.31312 ], [ -70.80011, 41.31819 ], [ -70.78444, 41.31355 ], [ -70.78487, 41.32799 ], [ -70.76636, 41.3446 ], [ -70.7652, 41.35109 ], [ -70.7683, 41.35405 ], [ -70.77497, 41.34918 ], [ -70.78329, 41.34783 ], [ -70.80809, 41.35576 ], [ -70.81985, 41.35358 ], [ -70.83411, 41.353 ], [ -70.83878, 41.34721 ] ] ] ] } },
{ "type": "Feature", "properties": { "town_name": "Dudley", "fill_color": "transparent" }, "geometry": { "type": "MultiPolygon", "coordinates": [ [ [ [ -71.9931, 42.02692 ], [ -71.88395, 42.02431 ], [ -71.88704, 42.02829 ], [ -71.88907, 42.03756 ], [ -71.88633, 42.04595 ], [ -71.88717, 42.05081 ], [ -71.88074, 42.0524 ], [ -71.88025, 42.05815 ], [ -71.88233, 42.05877 ], [ -71.88177, 42.06289 ], [ -71.87884, 42.06602 ], [ -71.88151, 42.07589 ], [ -71.89114, 42.07273 ], [ -71.89511, 42.09425 ], [ -71.94022, 42.08434 ], [ -71.99284, 42.07256 ], [ -71.99156, 42.05782 ], [ -71.98824, 42.05451 ], [ -71.98904, 42.04458 ], [ -71.9947, 42.03102 ], [ -71.9931, 42.02692 ] ] ] ] } },
{ "type": "Feature", "properties": { "town_name": "Amesbury Town", "fill_color": "#AB47BC" }, "geometry": { "type": "MultiPolygon", "coordinates": [ [ [ [ -71.00464, 42.86315 ], [ -70.97979, 42.84486 ], [ -70.96918, 42.8225 ], [ -70.95787, 42.81971 ], [ -70.94575, 42.82068 ], [ -70.94029, 42.82255 ], [ -70.9233, 42.8399 ], [ -70.91569, 42.84067 ], [ -70.91179, 42.83451 ], [ -70.9042, 42.83389 ], [ -70.90004, 42.84676 ], [ -70.9149, 42.88659 ], [ -70.9317, 42.88419 ], [ -70.9665, 42.86899 ], [ -71.00464, 42.86315 ] ] ] ] } },
{ "type": "Feature", "properties": { "town_name": "Haverhill", "fill_color": "transparent" }, "geometry": { "type": "MultiPolygon", "coordinates": [ [ [ [ -71.18228, 42.79425 ], [ -71.13065, 42.7608 ], [ -71.12558, 42.75204 ], [ -71.11644, 42.74424 ], [ -71.11228, 42.73835 ], [ -71.10863, 42.73528 ], [ -71.09783, 42.73522 ], [ -71.09247, 42.737 ], [ -71.08191, 42.73669 ], [ -71.07211, 42.73267 ], [ -71.05888, 42.73246 ], [ -71.04452, 42.74903 ], [ -71.0441, 42.75321 ], [ -71.04182, 42.75458 ], [ -71.04182, 42.7572 ], [ -71.03796, 42.75894 ], [ -71.0219, 42.77963 ], [ -71.01871, 42.7916 ], [ -71.00343, 42.8011 ], [ -70.99983, 42.80504 ], [ -70.99961, 42.81055 ], [ -71.0536, 42.83309 ], [ -71.0642, 42.80629 ], [ -71.1325, 42.82139 ], [ -71.1677, 42.80739 ], [ -71.18228, 42.79425 ] ] ] ] } },
{ "type": "Feature", "properties": { "town_name": "Lynnfield", "fill_color": "#009688" }, "geometry": { "type": "MultiPolygon", "coordinates": [ [ [ [ -71.07515, 42.53103 ], [ -71.06585, 42.52483 ], [ -71.06067, 42.52523 ], [ -71.05751, 42.52417 ], [ -71.04098, 42.52626 ], [ -71.0386, 42.52396 ], [ -71.04099, 42.51985 ], [ -71.0383, 42.51626 ], [ -71.03948, 42.51454 ], [ -71.03663, 42.51177 ], [ -71.03584, 42.50519 ], [ -71.01162, 42.50165 ], [ -71.00174, 42.50708 ], [ -70.99689, 42.50701 ], [ -70.99531, 42.50557 ], [ -70.98837, 42.50921 ], [ -70.99274, 42.5122 ], [ -70.98714, 42.5119 ], [ -71.00529, 42.52299 ], [ -71.0319, 42.55266 ], [ -71.03666, 42.57165 ], [ -71.0401, 42.57159 ], [ -71.04428, 42.57388 ], [ -71.04975, 42.57109 ], [ -71.05187, 42.57211 ], [ -71.05301, 42.57299 ], [ -71.0572, 42.57396 ], [ -71.07098, 42.55589 ], [ -71.07515, 42.53103 ] ] ] ] } },
{ "type": "Feature", "properties": { "town_name": "Middleton", "fill_color": "#009688" }, "geometry": { "type": "MultiPolygon", "coordinates": [ [ [ [ -71.05935, 42.60633 ], [ -71.034, 42.58549 ], [ -71.02831, 42.57408 ], [ -71.03546, 42.57026 ], [ -71.03485, 42.5655 ], [ -71.02981, 42.56516 ], [ -71.02921, 42.56997 ], [ -71.02445, 42.56936 ], [ -71.02325, 42.57039 ], [ -71.02093, 42.56869 ], [ -71.01532, 42.56794 ], [ -71.00839, 42.56407 ], [ -71.00402, 42.56519 ], [ -71.00281, 42.56336 ], [ -71.00196, 42.56561 ], [ -70.99636, 42.56915 ], [ -70.99677, 42.57128 ], [ -70.99345, 42.57394 ], [ -70.98984, 42.58097 ], [ -70.99083, 42.58256 ], [ -70.99165, 42.58645 ], [ -70.98558, 42.58989 ], [ -70.98606, 42.59183 ], [ -70.97437, 42.59454 ], [ -70.96481, 42.59958 ], [ -70.98081, 42.60644 ], [ -70.98519, 42.61168 ], [ -70.98226, 42.61668 ], [ -70.97607, 42.6211 ], [ -70.98594, 42.62204 ], [ -71.02231, 42.64164 ], [ -71.05456, 42.62765 ], [ -71.05935, 42.60633 ] ] ] ] } },
{ "type": "Feature", "properties": { "town_name": "Newburyport", "fill_color": "#009688" }, "geometry": { "type": "MultiPolygon", "coordinates": [ [ [ [ -70.94029, 42.82255 ], [ -70.93076, 42.81426 ], [ -70.92962, 42.80881 ], [ -70.93157, 42.8064 ], [ -70.93081, 42.80269 ], [ -70.91739, 42.78747 ], [ -70.90512, 42.79744 ], [ -70.89804, 42.79835 ], [ -70.8908, 42.7943 ], [ -70.86307, 42.80152 ], [ -70.84104, 42.79591 ], [ -70.80821, 42.81168 ], [ -70.81055, 42.81878 ], [ -70.81989, 42.8196 ], [ -70.8356, 42.81409 ], [ -70.8499, 42.81229 ], [ -70.87099, 42.81456 ], [ -70.88463, 42.82411 ], [ -70.89007, 42.82631 ], [ -70.89756, 42.83262 ], [ -70.91179, 42.83451 ], [ -70.91764, 42.84128 ], [ -70.92522, 42.83846 ], [ -70.94029, 42.82255 ] ] ] ] } },
{ "type": "Feature", "properties": { "town_name": "Rowley", "fill_color": "#AB47BC" }, "geometry": { "type": "MultiPolygon", "coordinates": [ [ [ [ -70.97637, 42.69442 ], [ -70.94859, 42.68067 ], [ -70.88087, 42.70629 ], [ -70.87548, 42.71288 ], [ -70.86441, 42.7091 ], [ -70.86342, 42.71267 ], [ -70.85768, 42.71367 ], [ -70.86055, 42.71551 ], [ -70.85787, 42.71952 ], [ -70.85777, 42.72204 ], [ -70.85227, 42.72674 ], [ -70.84892, 42.72592 ], [ -70.83822, 42.7316 ], [ -70.82626, 42.73261 ], [ -70.82041, 42.73051 ], [ -70.81525, 42.72281 ], [ -70.80565, 42.72706 ], [ -70.79832, 42.72842 ], [ -70.79972, 42.72965 ], [ -70.79827, 42.73362 ], [ -70.78816, 42.73887 ], [ -70.79502, 42.75317 ], [ -70.80975, 42.75003 ], [ -70.82368, 42.75155 ], [ -70.83096, 42.75113 ], [ -70.83111, 42.75357 ], [ -70.83288, 42.75409 ], [ -70.83831, 42.7508 ], [ -70.83999, 42.75224 ], [ -70.84586, 42.7497 ], [ -70.84846, 42.75297 ], [ -70.85086, 42.7531 ], [ -70.85536, 42.75014 ], [ -70.86959, 42.74876 ], [ -70.87273, 42.75035 ], [ -70.87612, 42.74764 ], [ -70.87738, 42.74896 ], [ -70.8797, 42.74767 ], [ -70.88117, 42.7513 ], [ -70.88485, 42.74752 ], [ -70.89043, 42.74899 ], [ -70.88968, 42.74713 ], [ -70.89326, 42.74764 ], [ -70.89137, 42.74558 ], [ -70.89289, 42.74511 ], [ -70.89518, 42.74735 ], [ -70.89899, 42.74211 ], [ -70.92232, 42.7353 ], [ -70.92413, 42.73599 ], [ -70.93836, 42.7262 ], [ -70.95888, 42.70696 ], [ -70.97637, 42.69442 ] ] ] ] } },
{ "type": "Feature", "properties": { "town_name": "Amherst Town", "fill_color": "#009688" }, "geometry": { "type": "MultiPolygon", "coordinates": [ [ [ [ -72.54678, 42.40009 ], [ -72.53159, 42.4015 ], [ -72.5409, 42.31964 ], [ -72.53799, 42.32011 ], [ -72.53515, 42.30425 ], [ -72.52796, 42.30146 ], [ -72.52467, 42.30315 ], [ -72.52142, 42.30218 ], [ -72.50666, 42.30639 ], [ -72.50074, 42.30517 ], [ -72.49912, 42.30626 ], [ -72.49359, 42.30227 ], [ -72.47886, 42.30704 ], [ -72.4642, 42.30805 ], [ -72.48398, 42.40872 ], [ -72.48989, 42.43382 ], [ -72.5442, 42.42715 ], [ -72.54678, 42.40009 ] ] ] ] } },
{ "type": "Feature", "properties": { "town_name": "Bellingham", "fill_color": "transparent" }, "geometry": { "type": "MultiPolygon", "coordinates": [ [ [ [ -71.50308, 42.11028 ], [ -71.49969, 42.10349 ], [ -71.49553, 42.09996 ], [ -71.49824, 42.08856 ], [ -71.49826, 42.01722 ], [ -71.4581, 42.01776 ], [ -71.4559, 42.03489 ], [ -71.45527, 42.07275 ], [ -71.4537, 42.07262 ], [ -71.44401, 42.1173 ], [ -71.44238, 42.13562 ], [ -71.47852, 42.13138 ], [ -71.50139, 42.11668 ], [ -71.50038, 42.11269 ], [ -71.50308, 42.11028 ] ] ] ] } },
{ "type": "Feature", "properties": { "town_name": "Bourne", "fill_color": "transparent" }, "geometry": { "type": "MultiPolygon", "coordinates": [ [ [ [ -70.66204, 41.68094 ], [ -70.66036, 41.67996 ], [ -70.65734, 41.68148 ], [ -70.64521, 41.68139 ], [ -70.63635, 41.68 ], [ -70.63274, 41.67559 ], [ -70.63292, 41.67045 ], [ -70.63614, 41.6678 ], [ -70.64248, 41.67116 ], [ -70.64861, 41.67033 ], [ -70.65375, 41.66709 ], [ -70.65198, 41.66309 ], [ -70.64571, 41.65946 ], [ -70.64072, 41.65946 ], [ -70.63472, 41.66376 ], [ -70.63173, 41.66369 ], [ -70.62084, 41.65744 ], [ -70.61317, 41.65841 ], [ -70.5679, 41.64553 ], [ -70.56892, 41.64855 ], [ -70.56632, 41.6516 ], [ -70.56669, 41.65631 ], [ -70.5501, 41.67169 ], [ -70.541, 41.69043 ], [ -70.54194, 41.70097 ], [ -70.53789, 41.7128 ], [ -70.52328, 41.76819 ], [ -70.52034, 41.77346 ], [ -70.51941, 41.79277 ], [ -70.53266, 41.8048 ], [ -70.53729, 41.81086 ], [ -70.56536, 41.78667 ], [ -70.60394, 41.7743 ], [ -70.63255, 41.7629 ], [ -70.62587, 41.7552 ], [ -70.62516, 41.75114 ], [ -70.62078, 41.74753 ], [ -70.62599, 41.74497 ], [ -70.63327, 41.73547 ], [ -70.63258, 41.73366 ], [ -70.63948, 41.72647 ], [ -70.64235, 41.71755 ], [ -70.63099, 41.71369 ], [ -70.62653, 41.71299 ], [ -70.62365, 41.7074 ], [ -70.62385, 41.70372 ], [ -70.6183, 41.70223 ], [ -70.61757, 41.70114 ], [ -70.63149, 41.6963 ], [ -70.64245, 41.69524 ], [ -70.64596, 41.69379 ], [ -70.64591, 41.6902 ], [ -70.65018, 41.69018 ], [ -70.65202, 41.68777 ], [ -70.66074, 41.68306 ], [ -70.66204, 41.68094 ] ] ] ] } },
{ "type": "Feature", "properties": { "town_name": "Wellfleet", "fill_color": "transparent" }, "geometry": { "type": "MultiPolygon", "coordinates": [ [ [ [ -70.07722, 41.94336 ], [ -70.07401, 41.93865 ], [ -70.07304, 41.89978 ], [ -70.06901, 41.88492 ], [ -70.06685, 41.88334 ], [ -70.06637, 41.88635 ], [ -70.06899, 41.89626 ], [ -70.06572, 41.89964 ], [ -70.06567, 41.91166 ], [ -70.06314, 41.91521 ], [ -70.0542, 41.92095 ], [ -70.05781, 41.92049 ], [ -70.06162, 41.9235 ], [ -70.05496, 41.92792 ], [ -70.045, 41.93005 ], [ -70.02739, 41.92933 ], [ -70.03202, 41.92421 ], [ -70.0323, 41.92044 ], [ -70.02555, 41.9117 ], [ -70.02009, 41.90758 ], [ -70.01337, 41.90599 ], [ -70.01361, 41.90121 ], [ -70.02433, 41.89882 ], [ -70.02424, 41.89634 ], [ -70.0185, 41.89153 ], [ -70.00292, 41.89032 ], [ -70.00019, 41.88694 ], [ -70.00644, 41.88081 ], [ -70.0046, 41.87996 ], [ -70.0045, 41.87761 ], [ -69.99301, 41.87619 ], [ -69.95746, 41.8799 ], [ -69.9686, 41.9117 ], [ -69.98602, 41.94946 ], [ -69.99713, 41.96676 ], [ -70.07729, 41.95784 ], [ -70.07722, 41.94336 ] ] ] ] } },
{ "type": "Feature", "properties": { "town_name": "Marlborough", "fill_color": "transparent" }, "geometry": { "type": "MultiPolygon", "coordinates": [ [ [ [ -71.62582, 42.34972 ], [ -71.61826, 42.34259 ], [ -71.6041, 42.33677 ], [ -71.60359, 42.33168 ], [ -71.60527, 42.33016 ], [ -71.59736, 42.32102 ], [ -71.58521, 42.31095 ], [ -71.56909, 42.32037 ], [ -71.55113, 42.3264 ], [ -71.51653, 42.33034 ], [ -71.50822, 42.32793 ], [ -71.4868, 42.33019 ], [ -71.48243, 42.35619 ], [ -71.47553, 42.38053 ], [ -71.60307, 42.36727 ], [ -71.61001, 42.3574 ], [ -71.62582, 42.34972 ] ] ] ] } },
{ "type": "Feature", "properties": { "town_name": "Essex", "fill_color": "#009688" }, "geometry": { "type": "MultiPolygon", "coordinates": [ [ [ [ -70.81863, 42.62488 ], [ -70.81611, 42.6188 ], [ -70.80946, 42.60735 ], [ -70.80089, 42.60201 ], [ -70.80083, 42.59534 ], [ -70.74565, 42.59958 ], [ -70.75743, 42.62015 ], [ -70.73827, 42.64452 ], [ -70.73246, 42.65396 ], [ -70.75154, 42.67079 ], [ -70.7615, 42.67574 ], [ -70.77739, 42.67308 ], [ -70.78415, 42.67014 ], [ -70.78683, 42.66777 ], [ -70.78946, 42.66781 ], [ -70.79075, 42.66362 ], [ -70.78864, 42.66318 ], [ -70.79273, 42.66183 ], [ -70.79355, 42.66069 ], [ -70.79124, 42.6608 ], [ -70.7925, 42.65888 ], [ -70.79555, 42.65923 ], [ -70.7942, 42.65848 ], [ -70.79594, 42.65791 ], [ -70.79397, 42.65602 ], [ -70.79633, 42.65604 ], [ -70.8033, 42.65668 ], [ -70.80381, 42.65487 ], [ -70.80739, 42.6547 ], [ -70.81022, 42.6497 ], [ -70.81594, 42.64727 ], [ -70.81445, 42.64661 ], [ -70.81693, 42.6413 ], [ -70.81308, 42.64053 ], [ -70.81185, 42.62532 ], [ -70.81863, 42.62488 ] ] ] ] } },
{ "type": "Feature", "properties": { "town_name": "Newbury", "fill_color": "transparent" }, "geometry": { "type": "MultiPolygon", "coordinates": [ [ [ [ -70.96719, 42.75828 ], [ -70.92413, 42.73599 ], [ -70.92232, 42.7353 ], [ -70.89706, 42.74359 ], [ -70.89518, 42.74735 ], [ -70.89289, 42.74511 ], [ -70.89137, 42.74558 ], [ -70.89326, 42.74764 ], [ -70.88906, 42.748 ], [ -70.89043, 42.74899 ], [ -70.88485, 42.74752 ], [ -70.88117, 42.7513 ], [ -70.8797, 42.74767 ], [ -70.87738, 42.74896 ], [ -70.87612, 42.74764 ], [ -70.87273, 42.75035 ], [ -70.86959, 42.74876 ], [ -70.85536, 42.75014 ], [ -70.85086, 42.7531 ], [ -70.84848, 42.75203 ], [ -70.84586, 42.7497 ], [ -70.83999, 42.75224 ], [ -70.83831, 42.7508 ], [ -70.83288, 42.75409 ], [ -70.83111, 42.75357 ], [ -70.82964, 42.75047 ], [ -70.82026, 42.75084 ], [ -70.80975, 42.75003 ], [ -70.79502, 42.75317 ], [ -70.80522, 42.7818 ], [ -70.80821, 42.81168 ], [ -70.84104, 42.79591 ], [ -70.86307, 42.80152 ], [ -70.8908, 42.7943 ], [ -70.89804, 42.79835 ], [ -70.90512, 42.79744 ], [ -70.92926, 42.7798 ], [ -70.94242, 42.77485 ], [ -70.95829, 42.76565 ], [ -70.96342, 42.76538 ], [ -70.96719, 42.75828 ] ] ] ] } },
{ "type": "Feature", "properties": { "town_name": "Holland", "fill_color": "#009688" }, "geometry": { "type": "MultiPolygon", "coordinates": [ [ [ [ -72.20168, 42.04205 ], [ -72.19823, 42.0352 ], [ -72.19883, 42.03101 ], [ -72.13571, 42.03025 ], [ -72.13511, 42.09067 ], [ -72.19267, 42.09154 ], [ -72.19189, 42.08489 ], [ -72.19375, 42.08155 ], [ -72.19361, 42.06686 ], [ -72.19926, 42.05708 ], [ -72.19734, 42.05139 ], [ -72.1965, 42.04816 ], [ -72.20168, 42.04205 ] ] ] ] } },
{ "type": "Feature", "properties": { "town_name": "Barnstable Town", "fill_color": "transparent" }, "geometry": { "type": "MultiPolygon", "coordinates": [ [ [ [ -70.38897, 41.72914 ], [ -70.38412, 41.73095 ], [ -70.38526, 41.73393 ], [ -70.38284, 41.73468 ], [ -70.3489, 41.73149 ], [ -70.34079, 41.73078 ], [ -70.3325, 41.73181 ], [ -70.31924, 41.72889 ], [ -70.30326, 41.72749 ], [ -70.29319, 41.72534 ], [ -70.29025, 41.7295 ], [ -70.28817, 41.72921 ], [ -70.28177, 41.72242 ], [ -70.27388, 41.72431 ], [ -70.29556, 41.73441 ], [ -70.38359, 41.73976 ], [ -70.39325, 41.72983 ], [ -70.38897, 41.72914 ] ] ], [ [ [ -70.46758, 41.63427 ], [ -70.46457, 41.63261 ], [ -70.45306, 41.63491 ], [ -70.44901, 41.62124 ], [ -70.45042, 41.61674 ], [ -70.46105, 41.60636 ], [ -70.46498, 41.59674 ], [ -70.45859, 41.58867 ], [ -70.45301, 41.58634 ], [ -70.44529, 41.59181 ], [ -70.44157, 41.60028 ], [ -70.43725, 41.60533 ], [ -70.42474, 41.60502 ], [ -70.40854, 41.60735 ], [ -70.40058, 41.60638 ], [ -70.37915, 41.61136 ], [ -70.36985, 41.61589 ], [ -70.36476, 41.62407 ], [ -70.36489, 41.62672 ], [ -70.36035, 41.63107 ], [ -70.35163, 41.63469 ], [ -70.33807, 41.63634 ], [ -70.32992, 41.63458 ], [ -70.32159, 41.63051 ], [ -70.31663, 41.62545 ], [ -70.30065, 41.62951 ], [ -70.30025, 41.63246 ], [ -70.29062, 41.6352 ], [ -70.28132, 41.63512 ], [ -70.27452, 41.63293 ], [ -70.27079, 41.62795 ], [ -70.26752, 41.62968 ], [ -70.26286, 41.62833 ], [ -70.26156, 41.63069 ], [ -70.27457, 41.64682 ], [ -70.25964, 41.69223 ], [ -70.2615, 41.70662 ], [ -70.26535, 41.70719 ], [ -70.26633, 41.70867 ], [ -70.26418, 41.71129 ], [ -70.26855, 41.71293 ], [ -70.27802, 41.70998 ], [ -70.29428, 41.71084 ], [ -70.30055, 41.70849 ], [ -70.30654, 41.7103 ], [ -70.3198, 41.70967 ], [ -70.32736, 41.71126 ], [ -70.32922, 41.70892 ], [ -70.32708, 41.70562 ], [ -70.3285, 41.70392 ], [ -70.34131, 41.7015 ], [ -70.35731, 41.70253 ], [ -70.36287, 41.70509 ], [ -70.36087, 41.70881 ], [ -70.36259, 41.7119 ], [ -70.38212, 41.72148 ], [ -70.38555, 41.72063 ], [ -70.39672, 41.72635 ], [ -70.43608, 41.6868 ], [ -70.45874, 41.66404 ], [ -70.44651, 41.65034 ], [ -70.45309, 41.6418 ], [ -70.45256, 41.63875 ], [ -70.4663, 41.63708 ], [ -70.46758, 41.63427 ] ] ] ] } },
{ "type": "Feature", "properties": { "town_name": "Duxbury", "fill_color": "#009688" }, "geometry": { "type": "MultiPolygon", "coordinates": [ [ [ [ -70.78144, 42.04678 ], [ -70.76872, 42.04513 ], [ -70.76472, 42.03813 ], [ -70.76144, 42.03696 ], [ -70.75964, 42.03299 ], [ -70.76152, 42.03143 ], [ -70.76538, 42.03131 ], [ -70.76949, 42.02206 ], [ -70.73124, 42.01771 ], [ -70.7242, 42.00943 ], [ -70.72179, 42.00282 ], [ -70.71126, 42.0024 ], [ -70.7122, 42.00759 ], [ -70.69581, 42.01335 ], [ -70.6868, 42.01276 ], [ -70.6788, 42.00551 ], [ -70.67093, 42.00779 ], [ -70.66751, 42.01232 ], [ -70.67167, 42.02139 ], [ -70.66936, 42.03712 ], [ -70.66437, 42.04116 ], [ -70.65605, 42.04205 ], [ -70.65037, 42.04622 ], [ -70.64434, 42.0459 ], [ -70.61555, 42.01352 ], [ -70.6093, 42.01358 ], [ -70.62028, 42.02709 ], [ -70.63086, 42.03605 ], [ -70.64321, 42.05082 ], [ -70.648, 42.07244 ], [ -70.68276, 42.05747 ], [ -70.69848, 42.06902 ], [ -70.69844, 42.0705 ], [ -70.74972, 42.09698 ], [ -70.78144, 42.04678 ] ] ] ] } },
{ "type": "Feature", "properties": { "town_name": "Plymouth", "fill_color": "transparent" }, "geometry": { "type": "MultiPolygon", "coordinates": [ [ [ [ -70.6412, 42.00593 ], [ -70.63914, 41.99389 ], [ -70.63192, 41.99286 ], [ -70.62254, 42.00214 ], [ -70.61405, 42.00661 ], [ -70.6027, 42.00214 ], [ -70.59789, 42.00455 ], [ -70.6093, 42.01358 ], [ -70.61555, 42.01352 ], [ -70.61422, 42.01115 ], [ -70.62986, 42.00146 ], [ -70.63443, 42.00497 ], [ -70.63395, 42.01203 ], [ -70.63639, 42.01383 ], [ -70.63965, 42.0108 ], [ -70.6412, 42.00593 ] ] ], [ [ [ -70.75353, 41.93324 ], [ -70.75065, 41.92594 ], [ -70.68114, 41.84553 ], [ -70.68966, 41.83985 ], [ -70.68983, 41.83823 ], [ -70.69373, 41.83626 ], [ -70.69757, 41.8294 ], [ -70.70636, 41.82906 ], [ -70.71162, 41.82124 ], [ -70.7159, 41.81503 ], [ -70.71754, 41.80151 ], [ -70.63166, 41.80632 ], [ -70.61663, 41.80541 ], [ -70.62739, 41.78734 ], [ -70.63064, 41.78688 ], [ -70.63097, 41.78204 ], [ -70.62964, 41.77741 ], [ -70.63008, 41.77449 ], [ -70.63631, 41.76896 ], [ -70.63255, 41.7629 ], [ -70.60394, 41.7743 ], [ -70.56536, 41.78667 ], [ -70.53729, 41.81086 ], [ -70.54103, 41.81575 ], [ -70.54317, 41.82445 ], [ -70.54206, 41.83126 ], [ -70.53626, 41.83466 ], [ -70.52557, 41.85873 ], [ -70.53049, 41.86549 ], [ -70.53208, 41.88957 ], [ -70.54595, 41.90716 ], [ -70.54741, 41.91193 ], [ -70.54492, 41.91864 ], [ -70.53787, 41.92095 ], [ -70.54007, 41.92367 ], [ -70.53919, 41.92677 ], [ -70.54398, 41.92628 ], [ -70.56597, 41.93623 ], [ -70.56777, 41.9395 ], [ -70.58357, 41.95001 ], [ -70.59808, 41.94777 ], [ -70.60817, 41.9407 ], [ -70.61649, 41.9402 ], [ -70.62394, 41.94306 ], [ -70.64936, 41.97862 ], [ -70.65251, 41.97887 ], [ -70.6529, 41.97684 ], [ -70.63057, 41.94606 ], [ -70.63976, 41.94938 ], [ -70.64678, 41.94931 ], [ -70.66662, 41.96228 ], [ -70.67626, 41.97229 ], [ -70.68136, 41.97914 ], [ -70.69099, 41.9813 ], [ -70.69346, 41.98309 ], [ -70.72171, 41.95425 ], [ -70.75353, 41.93324 ] ] ] ] } },
{ "type": "Feature", "properties": { "town_name": "Mount Washington", "fill_color": "transparent" }, "geometry": { "type": "MultiPolygon", "coordinates": [ [ [ [ -73.50814, 42.08626 ], [ -73.49688, 42.04968 ], [ -73.48731, 42.04964 ], [ -73.43675, 42.05052 ], [ -73.42535, 42.08939 ], [ -73.41995, 42.10385 ], [ -73.42875, 42.12126 ], [ -73.43654, 42.11815 ], [ -73.47252, 42.15043 ], [ -73.48296, 42.15482 ], [ -73.50814, 42.08626 ] ] ] ] } },
{ "type": "Feature", "properties": { "town_name": "Marion", "fill_color": "#AB47BC" }, "geometry": { "type": "MultiPolygon", "coordinates": [ [ [ [ -70.80294, 41.68708 ], [ -70.78607, 41.67443 ], [ -70.76317, 41.67731 ], [ -70.75838, 41.68058 ], [ -70.75243, 41.67845 ], [ -70.75077, 41.67561 ], [ -70.7451, 41.67244 ], [ -70.7434, 41.67473 ], [ -70.75172, 41.68555 ], [ -70.7553, 41.69435 ], [ -70.74435, 41.69798 ], [ -70.7396, 41.69177 ], [ -70.72939, 41.68814 ], [ -70.72154, 41.68147 ], [ -70.71983, 41.67799 ], [ -70.71559, 41.67526 ], [ -70.71505, 41.68101 ], [ -70.71836, 41.69016 ], [ -70.71491, 41.69194 ], [ -70.7232, 41.69603 ], [ -70.72748, 41.70241 ], [ -70.72272, 41.70383 ], [ -70.71423, 41.70173 ], [ -70.71203, 41.70703 ], [ -70.71489, 41.71031 ], [ -70.7213, 41.71297 ], [ -70.72853, 41.72287 ], [ -70.72678, 41.72398 ], [ -70.72911, 41.72652 ], [ -70.73858, 41.73124 ], [ -70.74256, 41.73067 ], [ -70.74449, 41.73258 ], [ -70.74323, 41.73576 ], [ -70.74668, 41.7381 ], [ -70.75215, 41.73886 ], [ -70.75558, 41.74219 ], [ -70.75952, 41.74223 ], [ -70.76037, 41.73886 ], [ -70.7638, 41.73874 ], [ -70.76838, 41.73395 ], [ -70.77331, 41.73413 ], [ -70.775, 41.73428 ], [ -70.77485, 41.74058 ], [ -70.78136, 41.74951 ], [ -70.77881, 41.76131 ], [ -70.78005, 41.76279 ], [ -70.78663, 41.75686 ], [ -70.7875, 41.74981 ], [ -70.78577, 41.7474 ], [ -70.79321, 41.74317 ], [ -70.79372, 41.7347 ], [ -70.79174, 41.73259 ], [ -70.79619, 41.72836 ], [ -70.80294, 41.68708 ] ] ] ] } },
{ "type": "Feature", "properties": { "town_name": "Framingham", "fill_color": "#AB47BC" }, "geometry": { "type": "MultiPolygon", "coordinates": [ [ [ [ -71.49705, 42.28983 ], [ -71.46086, 42.2791 ], [ -71.4193, 42.25728 ], [ -71.39777, 42.26153 ], [ -71.39037, 42.27192 ], [ -71.39586, 42.27291 ], [ -71.39722, 42.27901 ], [ -71.39959, 42.28116 ], [ -71.40253, 42.29333 ], [ -71.38752, 42.30207 ], [ -71.37769, 42.31467 ], [ -71.3818, 42.32852 ], [ -71.38887, 42.33745 ], [ -71.39501, 42.33592 ], [ -71.39672, 42.34105 ], [ -71.4833, 42.35313 ], [ -71.48674, 42.32994 ], [ -71.48511, 42.32316 ], [ -71.48635, 42.31045 ], [ -71.49705, 42.28983 ] ] ] ] } },
{ "type": "Feature", "properties": { "town_name": "Cambridge", "fill_color": "#009688" }, "geometry": { "type": "MultiPolygon", "coordinates": [ [ [ [ -71.1604, 42.38654 ], [ -71.15623, 42.38064 ], [ -71.15437, 42.37509 ], [ -71.14383, 42.37528 ], [ -71.14392, 42.37407 ], [ -71.13999, 42.37357 ], [ -71.14367, 42.36508 ], [ -71.13989, 42.36444 ], [ -71.13176, 42.36986 ], [ -71.13318, 42.37234 ], [ -71.131, 42.37389 ], [ -71.1282, 42.37357 ], [ -71.1232, 42.36894 ], [ -71.11723, 42.36737 ], [ -71.11685, 42.35539 ], [ -71.11059, 42.35262 ], [ -71.09123, 42.35434 ], [ -71.07609, 42.36038 ], [ -71.06948, 42.36905 ], [ -71.06406, 42.369 ], [ -71.06712, 42.37182 ], [ -71.07495, 42.37292 ], [ -71.08098, 42.37404 ], [ -71.09475, 42.37429 ], [ -71.1032, 42.37433 ], [ -71.11774, 42.38756 ], [ -71.11709, 42.38958 ], [ -71.12097, 42.39371 ], [ -71.12299, 42.39238 ], [ -71.13363, 42.40348 ], [ -71.1428, 42.39788 ], [ -71.15224, 42.40082 ], [ -71.15839, 42.39459 ], [ -71.15823, 42.38691 ], [ -71.1604, 42.38654 ] ] ] ] } },
{ "type": "Feature", "properties": { "town_name": "Reading", "fill_color": "#009688" }, "geometry": { "type": "MultiPolygon", "coordinates": [ [ [ [ -71.13492, 42.5462 ], [ -71.13129, 42.53182 ], [ -71.13545, 42.53 ], [ -71.11976, 42.50029 ], [ -71.10073, 42.50224 ], [ -71.09964, 42.50643 ], [ -71.09429, 42.50709 ], [ -71.09746, 42.51025 ], [ -71.08373, 42.52526 ], [ -71.0801, 42.52639 ], [ -71.07515, 42.53103 ], [ -71.07098, 42.55589 ], [ -71.09282, 42.55927 ], [ -71.10488, 42.56644 ], [ -71.11028, 42.56141 ], [ -71.11603, 42.56196 ], [ -71.12302, 42.55857 ], [ -71.12728, 42.55426 ], [ -71.12948, 42.55452 ], [ -71.13128, 42.55268 ], [ -71.13648, 42.55237 ], [ -71.13492, 42.5462 ] ] ] ] } },
{ "type": "Feature", "properties": { "town_name": "Woburn", "fill_color": "transparent" }, "geometry": { "type": "MultiPolygon", "coordinates": [ [ [ [ -71.20614, 42.46299 ], [ -71.18963, 42.44983 ], [ -71.16434, 42.45976 ], [ -71.15624, 42.45692 ], [ -71.15054, 42.46429 ], [ -71.12377, 42.4734 ], [ -71.11206, 42.47382 ], [ -71.11677, 42.49455 ], [ -71.1215, 42.49854 ], [ -71.11976, 42.50029 ], [ -71.13545, 42.53 ], [ -71.14918, 42.52426 ], [ -71.17003, 42.51554 ], [ -71.16891, 42.49055 ], [ -71.17019, 42.48898 ], [ -71.16892, 42.48709 ], [ -71.18644, 42.48101 ], [ -71.18548, 42.47997 ], [ -71.1874, 42.47936 ], [ -71.20614, 42.46299 ] ] ] ] } },
{ "type": "Feature", "properties": { "town_name": "Acton", "fill_color": "#009688" }, "geometry": { "type": "MultiPolygon", "coordinates": [ [ [ [ -71.49855, 42.46378 ], [ -71.43039, 42.43694 ], [ -71.40846, 42.46955 ], [ -71.38496, 42.50447 ], [ -71.39156, 42.50682 ], [ -71.39951, 42.53401 ], [ -71.42379, 42.52619 ], [ -71.42853, 42.5288 ], [ -71.44394, 42.50906 ], [ -71.47353, 42.50018 ], [ -71.49855, 42.46378 ] ] ] ] } },
{ "type": "Feature", "properties": { "town_name": "Washington", "fill_color": "transparent" }, "geometry": { "type": "MultiPolygon", "coordinates": [ [ [ [ -73.23638, 42.36454 ], [ -73.19203, 42.31851 ], [ -73.18052, 42.32455 ], [ -73.15994, 42.30421 ], [ -73.15947, 42.32974 ], [ -73.06429, 42.33973 ], [ -73.06851, 42.38072 ], [ -73.14079, 42.39311 ], [ -73.13564, 42.41196 ], [ -73.20187, 42.41375 ], [ -73.20636, 42.39813 ], [ -73.22195, 42.40058 ], [ -73.22877, 42.37662 ], [ -73.23841, 42.37141 ], [ -73.23638, 42.36454 ] ] ] ] } },
{ "type": "Feature", "properties": { "town_name": "Salem", "fill_color": "transparent" }, "geometry": { "type": "MultiPolygon", "coordinates": [ [ [ [ -70.78703, 42.5373 ], [ -70.78867, 42.53091 ], [ -70.78225, 42.53372 ], [ -70.78703, 42.5373 ] ] ], [ [ [ -70.80223, 42.55105 ], [ -70.80209, 42.54719 ], [ -70.79667, 42.54646 ], [ -70.79461, 42.54893 ], [ -70.79627, 42.55113 ], [ -70.79757, 42.54971 ], [ -70.79938, 42.55124 ], [ -70.80223, 42.55105 ] ] ], [ [ [ -70.8164, 42.51461 ], [ -70.81574, 42.51235 ], [ -70.81266, 42.51012 ], [ -70.81206, 42.51199 ], [ -70.8164, 42.51461 ] ] ], [ [ [ -70.83536, 42.48225 ], [ -70.8335, 42.48226 ], [ -70.8337, 42.48527 ], [ -70.83558, 42.48383 ], [ -70.83536, 42.48225 ] ] ], [ [ [ -70.94992, 42.49478 ], [ -70.90659, 42.48428 ], [ -70.89424, 42.48595 ], [ -70.89021, 42.48959 ], [ -70.8908, 42.49356 ], [ -70.886, 42.4963 ], [ -70.88676, 42.49845 ], [ -70.87873, 42.50533 ], [ -70.88637, 42.50861 ], [ -70.88413, 42.5164 ], [ -70.87757, 42.5235 ], [ -70.86632, 42.52673 ], [ -70.86421, 42.53343 ], [ -70.86759, 42.53629 ], [ -70.87892, 42.53214 ], [ -70.88256, 42.53489 ], [ -70.88061, 42.5374 ], [ -70.88719, 42.53794 ], [ -70.90276, 42.54483 ], [ -70.9084, 42.54556 ], [ -70.90929, 42.54057 ], [ -70.91349, 42.54147 ], [ -70.91271, 42.52806 ], [ -70.91554, 42.52882 ], [ -70.91823, 42.52505 ], [ -70.91717, 42.52406 ], [ -70.94992, 42.49478 ] ] ] ] } },
{ "type": "Feature", "properties": { "town_name": "Hardwick", "fill_color": "transparent" }, "geometry": { "type": "MultiPolygon", "coordinates": [ [ [ [ -72.28644, 42.3527 ], [ -72.28423, 42.35201 ], [ -72.28138, 42.33613 ], [ -72.27849, 42.33646 ], [ -72.27708, 42.32941 ], [ -72.28, 42.32909 ], [ -72.27464, 42.30196 ], [ -72.26192, 42.30526 ], [ -72.26154, 42.30333 ], [ -72.21079, 42.31138 ], [ -72.21307, 42.30381 ], [ -72.21277, 42.30151 ], [ -72.21626, 42.29931 ], [ -72.21675, 42.29406 ], [ -72.21397, 42.29426 ], [ -72.20499, 42.30624 ], [ -72.20718, 42.31152 ], [ -72.19724, 42.31063 ], [ -72.19345, 42.30801 ], [ -72.19305, 42.30511 ], [ -72.18729, 42.30471 ], [ -72.18379, 42.30675 ], [ -72.18558, 42.3078 ], [ -72.18303, 42.31277 ], [ -72.17717, 42.31639 ], [ -72.17685, 42.31926 ], [ -72.17211, 42.32274 ], [ -72.17057, 42.32782 ], [ -72.16239, 42.33389 ], [ -72.16319, 42.33679 ], [ -72.15961, 42.33858 ], [ -72.15832, 42.34324 ], [ -72.14915, 42.3453 ], [ -72.14022, 42.34481 ], [ -72.14042, 42.34795 ], [ -72.13718, 42.348 ], [ -72.13511, 42.35668 ], [ -72.13042, 42.35878 ], [ -72.12386, 42.36186 ], [ -72.12367, 42.36393 ], [ -72.20515, 42.41768 ], [ -72.21903, 42.39549 ], [ -72.22963, 42.40025 ], [ -72.23851, 42.39527 ], [ -72.23798, 42.39069 ], [ -72.24432, 42.38828 ], [ -72.25816, 42.39351 ], [ -72.26412, 42.38662 ], [ -72.27038, 42.39043 ], [ -72.27234, 42.38868 ], [ -72.27402, 42.38454 ], [ -72.27864, 42.38218 ], [ -72.2815, 42.37866 ], [ -72.27955, 42.3746 ], [ -72.28158, 42.37205 ], [ -72.28504, 42.37308 ], [ -72.28468, 42.35977 ], [ -72.28596, 42.35782 ], [ -72.28414, 42.35658 ], [ -72.28717, 42.35552 ], [ -72.28644, 42.3527 ] ] ] ] } },
{ "type": "Feature", "properties": { "town_name": "Groton", "fill_color": "#009688" }, "geometry": { "type": "MultiPolygon", "coordinates": [ [ [ [ -71.66047, 42.63509 ], [ -71.65036, 42.62902 ], [ -71.6478, 42.62483 ], [ -71.64656, 42.62629 ], [ -71.64373, 42.61962 ], [ -71.6433, 42.61687 ], [ -71.64232, 42.61461 ], [ -71.63384, 42.61252 ], [ -71.6348, 42.60927 ], [ -71.63008, 42.60711 ], [ -71.62893, 42.60229 ], [ -71.62604, 42.59601 ], [ -71.62604, 42.59357 ], [ -71.62331, 42.59283 ], [ -71.62414, 42.59096 ], [ -71.61825, 42.58625 ], [ -71.61383, 42.58544 ], [ -71.61348, 42.58156 ], [ -71.61083, 42.58259 ], [ -71.61085, 42.58114 ], [ -71.60726, 42.58294 ], [ -71.60236, 42.58202 ], [ -71.60085, 42.583 ], [ -71.51146, 42.56939 ], [ -71.50304, 42.57547 ], [ -71.49801, 42.57686 ], [ -71.49353, 42.6174 ], [ -71.49859, 42.63879 ], [ -71.49648, 42.6498 ], [ -71.51497, 42.64362 ], [ -71.5343, 42.64836 ], [ -71.53714, 42.66349 ], [ -71.57941, 42.65344 ], [ -71.57985, 42.64791 ], [ -71.58296, 42.64414 ], [ -71.58382, 42.64603 ], [ -71.58648, 42.64642 ], [ -71.58884, 42.63715 ], [ -71.59243, 42.63657 ], [ -71.59126, 42.63573 ], [ -71.59275, 42.63295 ], [ -71.58922, 42.63291 ], [ -71.58792, 42.63083 ], [ -71.5937, 42.62803 ], [ -71.59313, 42.62651 ], [ -71.60065, 42.62611 ], [ -71.60603, 42.63097 ], [ -71.60824, 42.62739 ], [ -71.63078, 42.63516 ], [ -71.64261, 42.64073 ], [ -71.64899, 42.64423 ], [ -71.65798, 42.64966 ], [ -71.66047, 42.63509 ] ] ] ] } },
{ "type": "Feature", "properties": { "town_name": "Oxford", "fill_color": "transparent" }, "geometry": { "type": "MultiPolygon", "coordinates": [ [ [ [ -71.91697, 42.19086 ], [ -71.89949, 42.10411 ], [ -71.9119, 42.10132 ], [ -71.90923, 42.09126 ], [ -71.89511, 42.09425 ], [ -71.89114, 42.07273 ], [ -71.81133, 42.09887 ], [ -71.80922, 42.09536 ], [ -71.79718, 42.09917 ], [ -71.81796, 42.13326 ], [ -71.82953, 42.12939 ], [ -71.83194, 42.14377 ], [ -71.82959, 42.14486 ], [ -71.82485, 42.15533 ], [ -71.83048, 42.15608 ], [ -71.8341, 42.15499 ], [ -71.83449, 42.15726 ], [ -71.82549, 42.15992 ], [ -71.82596, 42.16582 ], [ -71.8315, 42.16425 ], [ -71.83492, 42.15983 ], [ -71.8581, 42.16071 ], [ -71.8758, 42.17012 ], [ -71.89513, 42.19243 ], [ -71.91697, 42.19086 ] ] ] ] } },
{ "type": "Feature", "properties": { "town_name": "North Reading", "fill_color": "#009688" }, "geometry": { "type": "MultiPolygon", "coordinates": [ [ [ [ -71.13648, 42.55237 ], [ -71.13128, 42.55268 ], [ -71.12948, 42.55452 ], [ -71.12728, 42.55426 ], [ -71.12069, 42.56056 ], [ -71.11603, 42.56196 ], [ -71.11028, 42.56141 ], [ -71.10488, 42.56644 ], [ -71.08989, 42.55822 ], [ -71.07098, 42.55589 ], [ -71.0572, 42.57396 ], [ -71.04975, 42.57109 ], [ -71.04428, 42.57388 ], [ -71.0401, 42.57159 ], [ -71.03666, 42.57165 ], [ -71.03546, 42.57026 ], [ -71.02831, 42.57408 ], [ -71.034, 42.58549 ], [ -71.05935, 42.60633 ], [ -71.05877, 42.60908 ], [ -71.07617, 42.60414 ], [ -71.111, 42.60116 ], [ -71.13546, 42.59912 ], [ -71.13054, 42.58312 ], [ -71.13648, 42.55237 ] ] ] ] } },
{ "type": "Feature", "properties": { "town_name": "Fall River", "fill_color": "transparent" }, "geometry": { "type": "MultiPolygon", "coordinates": [ [ [ [ -71.20122, 41.68186 ], [ -71.19439, 41.6748 ], [ -71.17599, 41.6714 ], [ -71.17609, 41.6686 ], [ -71.13289, 41.6601 ], [ -71.13419, 41.634 ], [ -71.11441, 41.6928 ], [ -71.10569, 41.6928 ], [ -71.06663, 41.68562 ], [ -71.0119, 41.71178 ], [ -71.00954, 41.7462 ], [ -71.11995, 41.76529 ], [ -71.12008, 41.7676 ], [ -71.12399, 41.7667 ], [ -71.13129, 41.7575 ], [ -71.13189, 41.7494 ], [ -71.15545, 41.72379 ], [ -71.17419, 41.7022 ], [ -71.20122, 41.68186 ] ] ], [ [ [ -71.13419, 41.634 ], [ -71.13569, 41.6284 ], [ -71.14047, 41.62389 ], [ -71.14059, 41.6051 ], [ -71.1383, 41.60405 ], [ -71.13394, 41.62871 ], [ -71.13419, 41.634 ] ] ] ] } },
{ "type": "Feature", "properties": { "town_name": "East Bridgewater", "fill_color": "transparent" }, "geometry": { "type": "MultiPolygon", "coordinates": [ [ [ [ -70.98992, 42.05949 ], [ -70.98388, 42.03119 ], [ -70.97959, 42.011 ], [ -70.95398, 42.00591 ], [ -70.92602, 42.00894 ], [ -70.91754, 42.00473 ], [ -70.91755, 42.00243 ], [ -70.91306, 41.99708 ], [ -70.89919, 41.99637 ], [ -70.89742, 42.02494 ], [ -70.89973, 42.0253 ], [ -70.90819, 42.06173 ], [ -70.9129, 42.06502 ], [ -70.929, 42.06625 ], [ -70.951, 42.06087 ], [ -70.97523, 42.07118 ], [ -70.983, 42.06659 ], [ -70.98992, 42.05949 ] ] ] ] } },
{ "type": "Feature", "properties": { "town_name": "Scituate", "fill_color": "transparent" }, "geometry": { "type": "MultiPolygon", "coordinates": [ [ [ [ -70.83886, 42.19481 ], [ -70.81342, 42.19534 ], [ -70.77886, 42.18419 ], [ -70.75239, 42.16394 ], [ -70.74903, 42.16498 ], [ -70.74558, 42.16162 ], [ -70.73706, 42.16249 ], [ -70.73295, 42.16068 ], [ -70.72865, 42.16534 ], [ -70.71968, 42.16487 ], [ -70.71328, 42.1612 ], [ -70.7089, 42.15227 ], [ -70.70209, 42.15107 ], [ -70.70134, 42.14528 ], [ -70.69316, 42.13772 ], [ -70.68297, 42.12525 ], [ -70.67946, 42.12627 ], [ -70.70626, 42.16314 ], [ -70.7143, 42.16878 ], [ -70.71476, 42.17658 ], [ -70.71871, 42.18485 ], [ -70.71595, 42.19015 ], [ -70.71299, 42.20443 ], [ -70.71809, 42.20899 ], [ -70.72227, 42.20796 ], [ -70.73056, 42.21094 ], [ -70.73914, 42.21962 ], [ -70.74878, 42.22328 ], [ -70.76016, 42.23503 ], [ -70.76068, 42.24124 ], [ -70.76476, 42.24406 ], [ -70.76277, 42.25034 ], [ -70.76634, 42.25474 ], [ -70.77394, 42.25421 ], [ -70.77631, 42.24895 ], [ -70.78146, 42.24872 ], [ -70.78904, 42.24017 ], [ -70.78335, 42.24051 ], [ -70.78394, 42.23765 ], [ -70.78197, 42.23643 ], [ -70.78868, 42.2326 ], [ -70.78788, 42.2291 ], [ -70.78552, 42.22946 ], [ -70.78481, 42.22588 ], [ -70.78894, 42.22547 ], [ -70.78914, 42.22281 ], [ -70.83886, 42.19481 ] ] ] ] } },
{ "type": "Feature", "properties": { "town_name": "Marblehead", "fill_color": "#009688" }, "geometry": { "type": "MultiPolygon", "coordinates": [ [ [ [ -70.89903, 42.48467 ], [ -70.8797, 42.47879 ], [ -70.85779, 42.4903 ], [ -70.84739, 42.4915 ], [ -70.84159, 42.4876 ], [ -70.83599, 42.4905 ], [ -70.83109, 42.5036 ], [ -70.83381, 42.50587 ], [ -70.84739, 42.49389 ], [ -70.85333, 42.49302 ], [ -70.85004, 42.50171 ], [ -70.84239, 42.50879 ], [ -70.84209, 42.51949 ], [ -70.84562, 42.51747 ], [ -70.85712, 42.52149 ], [ -70.85975, 42.52044 ], [ -70.86402, 42.5186 ], [ -70.87472, 42.50493 ], [ -70.87873, 42.50533 ], [ -70.88676, 42.49845 ], [ -70.88679, 42.49511 ], [ -70.8908, 42.49356 ], [ -70.89021, 42.48959 ], [ -70.89586, 42.48552 ], [ -70.89903, 42.48467 ] ] ] ] } },
{ "type": "Feature", "properties": { "town_name": "Canton", "fill_color": "#AB47BC" }, "geometry": { "type": "MultiPolygon", "coordinates": [ [ [ [ -71.17738, 42.16395 ], [ -71.17576, 42.1556 ], [ -71.16284, 42.1457 ], [ -71.16354, 42.14146 ], [ -71.14455, 42.1377 ], [ -71.14078, 42.13806 ], [ -71.13855, 42.14191 ], [ -71.13534, 42.14192 ], [ -71.13469, 42.14374 ], [ -71.1311, 42.1428 ], [ -71.13184, 42.13931 ], [ -71.09562, 42.14791 ], [ -71.06663, 42.16406 ], [ -71.13066, 42.22782 ], [ -71.1371, 42.22673 ], [ -71.14074, 42.22145 ], [ -71.14241, 42.21453 ], [ -71.1426, 42.21139 ], [ -71.14842, 42.20639 ], [ -71.14567, 42.20607 ], [ -71.15483, 42.19694 ], [ -71.15763, 42.19529 ], [ -71.16026, 42.18847 ], [ -71.16376, 42.18755 ], [ -71.16284, 42.18507 ], [ -71.16538, 42.18223 ], [ -71.16402, 42.1813 ], [ -71.16795, 42.17897 ], [ -71.16606, 42.17836 ], [ -71.16701, 42.1775 ], [ -71.1634, 42.17599 ], [ -71.1654, 42.17493 ], [ -71.16417, 42.17274 ], [ -71.16875, 42.17231 ], [ -71.16831, 42.16916 ], [ -71.17347, 42.16778 ], [ -71.17356, 42.16597 ], [ -71.1762, 42.16597 ], [ -71.17738, 42.16395 ] ] ] ] } },
{ "type": "Feature", "properties": { "town_name": "Taunton", "fill_color": "transparent" }, "geometry": { "type": "MultiPolygon", "coordinates": [ [ [ [ -71.19389, 41.91076 ], [ -71.18679, 41.87934 ], [ -71.13064, 41.87028 ], [ -71.13042, 41.86836 ], [ -71.12284, 41.86646 ], [ -71.12138, 41.86439 ], [ -71.12247, 41.86218 ], [ -71.12076, 41.85822 ], [ -71.10868, 41.85407 ], [ -71.10684, 41.85978 ], [ -71.10428, 41.86086 ], [ -71.10287, 41.87152 ], [ -71.0885, 41.87269 ], [ -71.07645, 41.87297 ], [ -71.03335, 41.85004 ], [ -71.00745, 41.83848 ], [ -70.98274, 41.85541 ], [ -70.97372, 41.86088 ], [ -70.98726, 41.90581 ], [ -70.99315, 41.90644 ], [ -70.9997, 41.89691 ], [ -70.99445, 41.89704 ], [ -70.99211, 41.88974 ], [ -70.99498, 41.88511 ], [ -71.0036, 41.88302 ], [ -71.00346, 41.88503 ], [ -71.00584, 41.88519 ], [ -71.00862, 41.89051 ], [ -71.01188, 41.89004 ], [ -71.01311, 41.8924 ], [ -71.01988, 41.88934 ], [ -71.02546, 41.88629 ], [ -71.03378, 41.88636 ], [ -71.03762, 41.88341 ], [ -71.03873, 41.88577 ], [ -71.04332, 41.88438 ], [ -71.04253, 41.88625 ], [ -71.04455, 41.88536 ], [ -71.04768, 41.88668 ], [ -71.04868, 41.88906 ], [ -71.04477, 41.89149 ], [ -71.04724, 41.89348 ], [ -71.0442, 41.89524 ], [ -71.04347, 41.89404 ], [ -71.04171, 41.89512 ], [ -71.04841, 41.90476 ], [ -71.05389, 41.9046 ], [ -71.0555, 41.90115 ], [ -71.06365, 41.90361 ], [ -71.0927, 41.93899 ], [ -71.08628, 41.94625 ], [ -71.08052, 41.95954 ], [ -71.08376, 41.96562 ], [ -71.08066, 41.9773 ], [ -71.08533, 41.98234 ], [ -71.08716, 41.99083 ], [ -71.10085, 41.99315 ], [ -71.15519, 41.93846 ], [ -71.19389, 41.91076 ] ] ] ] } },
{ "type": "Feature", "properties": { "town_name": "Lawrence", "fill_color": "transparent" }, "geometry": { "type": "MultiPolygon", "coordinates": [ [ [ [ -71.19092, 42.71074 ], [ -71.18551, 42.67592 ], [ -71.15, 42.68135 ], [ -71.13454, 42.67681 ], [ -71.13365, 42.67962 ], [ -71.13922, 42.68438 ], [ -71.13788, 42.6849 ], [ -71.13948, 42.68551 ], [ -71.13768, 42.68644 ], [ -71.13981, 42.68719 ], [ -71.13732, 42.68934 ], [ -71.13793, 42.69222 ], [ -71.14254, 42.69425 ], [ -71.14487, 42.69899 ], [ -71.14278, 42.69892 ], [ -71.13997, 42.70338 ], [ -71.13712, 42.70439 ], [ -71.1335, 42.71355 ], [ -71.1342, 42.72151 ], [ -71.16897, 42.72235 ], [ -71.17088, 42.7233 ], [ -71.19092, 42.71074 ] ] ] ] } },
{ "type": "Feature", "properties": { "town_name": "Chesterfield", "fill_color": "#AB47BC" }, "geometry": { "type": "MultiPolygon", "coordinates": [ [ [ [ -72.88563, 42.34004 ], [ -72.85424, 42.3434 ], [ -72.8475, 42.34231 ], [ -72.84644, 42.34047 ], [ -72.84372, 42.34465 ], [ -72.84038, 42.34508 ], [ -72.83799, 42.34275 ], [ -72.83574, 42.34325 ], [ -72.83348, 42.34175 ], [ -72.82612, 42.34225 ], [ -72.82112, 42.33863 ], [ -72.82226, 42.35282 ], [ -72.77714, 42.35824 ], [ -72.77353, 42.40153 ], [ -72.80563, 42.3983 ], [ -72.80544, 42.40453 ], [ -72.81615, 42.40315 ], [ -72.81552, 42.42123 ], [ -72.83561, 42.41985 ], [ -72.83406, 42.43791 ], [ -72.90458, 42.43039 ], [ -72.88563, 42.34004 ] ] ] ] } },
{ "type": "Feature", "properties": { "town_name": "Ware", "fill_color": "transparent" }, "geometry": { "type": "MultiPolygon", "coordinates": [ [ [ [ -72.35602, 42.30328 ], [ -72.35375, 42.30255 ], [ -72.3545, 42.29899 ], [ -72.35177, 42.29803 ], [ -72.35263, 42.29573 ], [ -72.34863, 42.29459 ], [ -72.35068, 42.28468 ], [ -72.33829, 42.27941 ], [ -72.33881, 42.27506 ], [ -72.33164, 42.27148 ], [ -72.33444, 42.26623 ], [ -72.33393, 42.26248 ], [ -72.33737, 42.26168 ], [ -72.33676, 42.25935 ], [ -72.33842, 42.25905 ], [ -72.33476, 42.25123 ], [ -72.33358, 42.24573 ], [ -72.33479, 42.24131 ], [ -72.3332, 42.23457 ], [ -72.337, 42.22368 ], [ -72.33597, 42.22016 ], [ -72.2813, 42.23502 ], [ -72.27767, 42.2331 ], [ -72.27144, 42.23637 ], [ -72.26823, 42.22931 ], [ -72.25761, 42.22987 ], [ -72.24701, 42.24209 ], [ -72.22122, 42.24525 ], [ -72.21807, 42.24861 ], [ -72.21482, 42.24904 ], [ -72.21458, 42.24757 ], [ -72.21046, 42.24721 ], [ -72.2111, 42.25568 ], [ -72.21609, 42.2562 ], [ -72.21765, 42.27017 ], [ -72.21278, 42.2698 ], [ -72.21204, 42.28265 ], [ -72.20396, 42.28888 ], [ -72.20328, 42.29118 ], [ -72.2108, 42.29448 ], [ -72.21675, 42.29406 ], [ -72.21626, 42.29931 ], [ -72.21277, 42.30151 ], [ -72.21214, 42.31022 ], [ -72.21079, 42.31138 ], [ -72.26154, 42.30333 ], [ -72.26192, 42.30526 ], [ -72.27464, 42.30196 ], [ -72.28, 42.32909 ], [ -72.27708, 42.32941 ], [ -72.27849, 42.33646 ], [ -72.28138, 42.33613 ], [ -72.28423, 42.35201 ], [ -72.29539, 42.35057 ], [ -72.30375, 42.34576 ], [ -72.30614, 42.34613 ], [ -72.3068, 42.34428 ], [ -72.30879, 42.34489 ], [ -72.31218, 42.3428 ], [ -72.31425, 42.34369 ], [ -72.31506, 42.33941 ], [ -72.31763, 42.33963 ], [ -72.32317, 42.33352 ], [ -72.32272, 42.33104 ], [ -72.32487, 42.33082 ], [ -72.32605, 42.32848 ], [ -72.32467, 42.32677 ], [ -72.32621, 42.32516 ], [ -72.32676, 42.32681 ], [ -72.3274, 42.32348 ], [ -72.32833, 42.31856 ], [ -72.32912, 42.31969 ], [ -72.33472, 42.31762 ], [ -72.33525, 42.31514 ], [ -72.34209, 42.31433 ], [ -72.34589, 42.30997 ], [ -72.34866, 42.30918 ], [ -72.35146, 42.30999 ], [ -72.34989, 42.30804 ], [ -72.35037, 42.30417 ], [ -72.35189, 42.30641 ], [ -72.35602, 42.30328 ] ] ] ] } },
{ "type": "Feature", "properties": { "town_name": "West Springfield Town", "fill_color": "transparent" }, "geometry": { "type": "MultiPolygon", "coordinates": [ [ [ [ -72.69453, 42.10649 ], [ -72.68266, 42.10631 ], [ -72.68144, 42.10069 ], [ -72.67671, 42.10051 ], [ -72.67325, 42.09486 ], [ -72.66839, 42.09131 ], [ -72.66389, 42.08467 ], [ -72.66152, 42.08481 ], [ -72.65922, 42.09505 ], [ -72.6547, 42.09762 ], [ -72.63619, 42.09941 ], [ -72.63166, 42.10052 ], [ -72.62963, 42.09779 ], [ -72.63109, 42.09517 ], [ -72.62682, 42.08986 ], [ -72.62091, 42.08765 ], [ -72.60956, 42.08861 ], [ -72.6013, 42.08599 ], [ -72.59884, 42.09317 ], [ -72.59373, 42.09332 ], [ -72.59176, 42.09202 ], [ -72.58852, 42.09323 ], [ -72.59632, 42.10004 ], [ -72.61521, 42.10948 ], [ -72.62072, 42.11593 ], [ -72.62148, 42.12379 ], [ -72.61497, 42.13759 ], [ -72.62021, 42.14537 ], [ -72.62704, 42.15133 ], [ -72.62734, 42.16203 ], [ -72.68489, 42.16294 ], [ -72.68665, 42.1507 ], [ -72.68915, 42.14632 ], [ -72.68669, 42.14388 ], [ -72.68636, 42.13595 ], [ -72.69093, 42.1257 ], [ -72.69453, 42.10649 ] ] ] ] } },
{ "type": "Feature", "properties": { "town_name": "Andover", "fill_color": "#009688" }, "geometry": { "type": "MultiPolygon", "coordinates": [ [ [ [ -71.25619, 42.65715 ], [ -71.17176, 42.61654 ], [ -71.17612, 42.61461 ], [ -71.17839, 42.6108 ], [ -71.17749, 42.60896 ], [ -71.18135, 42.60837 ], [ -71.16488, 42.59802 ], [ -71.15952, 42.60766 ], [ -71.15656, 42.61498 ], [ -71.14865, 42.61317 ], [ -71.1412, 42.60321 ], [ -71.13546, 42.59912 ], [ -71.07617, 42.60414 ], [ -71.12684, 42.67181 ], [ -71.12883, 42.67445 ], [ -71.15121, 42.68171 ], [ -71.18551, 42.67592 ], [ -71.18886, 42.69627 ], [ -71.19537, 42.69847 ], [ -71.21495, 42.70126 ], [ -71.22117, 42.6985 ], [ -71.22481, 42.69343 ], [ -71.22772, 42.6809 ], [ -71.24417, 42.66151 ], [ -71.25172, 42.66033 ], [ -71.25619, 42.65715 ] ] ] ] } },
{ "type": "Feature", "properties": { "town_name": "Rockport", "fill_color": "transparent" }, "geometry": { "type": "MultiPolygon", "coordinates": [ [ [ [ -70.58029, 42.63602 ], [ -70.57565, 42.63445 ], [ -70.57338, 42.63951 ], [ -70.57509, 42.63978 ], [ -70.58029, 42.63602 ] ] ], [ [ [ -70.59161, 42.6275 ], [ -70.58804, 42.62641 ], [ -70.58682, 42.62816 ], [ -70.58825, 42.6306 ], [ -70.59219, 42.62947 ], [ -70.59161, 42.6275 ] ] ], [ [ [ -70.59368, 42.66046 ], [ -70.59, 42.65898 ], [ -70.58757, 42.66191 ], [ -70.58925, 42.66275 ], [ -70.59368, 42.66046 ] ] ], [ [ [ -70.64379, 42.65648 ], [ -70.64308, 42.63462 ], [ -70.62266, 42.6276 ], [ -70.61801, 42.62601 ], [ -70.61842, 42.62864 ], [ -70.60324, 42.63492 ], [ -70.59401, 42.63503 ], [ -70.5924, 42.64049 ], [ -70.59541, 42.64032 ], [ -70.59587, 42.64251 ], [ -70.59174, 42.64851 ], [ -70.5971, 42.65147 ], [ -70.59505, 42.65607 ], [ -70.59858, 42.65988 ], [ -70.60717, 42.65856 ], [ -70.6105, 42.65977 ], [ -70.61326, 42.65883 ], [ -70.61613, 42.66031 ], [ -70.62072, 42.65873 ], [ -70.62393, 42.66164 ], [ -70.62148, 42.67274 ], [ -70.62406, 42.67691 ], [ -70.6227, 42.67835 ], [ -70.6237, 42.68157 ], [ -70.62051, 42.68461 ], [ -70.62085, 42.68684 ], [ -70.62724, 42.68842 ], [ -70.62732, 42.69141 ], [ -70.63008, 42.6927 ], [ -70.63629, 42.69029 ], [ -70.64062, 42.68584 ], [ -70.64379, 42.65648 ] ] ] ] } },
{ "type": "Feature", "properties": { "town_name": "Sunderland", "fill_color": "#009688" }, "geometry": { "type": "MultiPolygon", "coordinates": [ [ [ [ -72.58956, 42.45251 ], [ -72.5811, 42.42258 ], [ -72.53097, 42.42885 ], [ -72.53428, 42.44221 ], [ -72.53466, 42.45847 ], [ -72.52433, 42.47651 ], [ -72.52093, 42.51022 ], [ -72.55677, 42.5065 ], [ -72.56811, 42.497 ], [ -72.5712, 42.48186 ], [ -72.58486, 42.4676 ], [ -72.58956, 42.45251 ] ] ] ] } },
{ "type": "Feature", "properties": { "town_name": "Colrain", "fill_color": "transparent" }, "geometry": { "type": "MultiPolygon", "coordinates": [ [ [ [ -72.79108, 42.73608 ], [ -72.76609, 42.62926 ], [ -72.6209, 42.64687 ], [ -72.61955, 42.6486 ], [ -72.6216, 42.65098 ], [ -72.62461, 42.6514 ], [ -72.62613, 42.6547 ], [ -72.62537, 42.65778 ], [ -72.63323, 42.661 ], [ -72.63145, 42.66508 ], [ -72.63713, 42.66999 ], [ -72.64104, 42.67027 ], [ -72.64679, 42.67473 ], [ -72.65175, 42.6764 ], [ -72.65532, 42.68115 ], [ -72.65489, 42.68314 ], [ -72.6521, 42.68529 ], [ -72.65629, 42.68673 ], [ -72.65507, 42.68901 ], [ -72.66238, 42.69245 ], [ -72.66619, 42.70035 ], [ -72.67088, 42.7037 ], [ -72.67071, 42.708 ], [ -72.67453, 42.70831 ], [ -72.67041, 42.71308 ], [ -72.66993, 42.71685 ], [ -72.6721, 42.71939 ], [ -72.67468, 42.73285 ], [ -72.79108, 42.73608 ] ] ] ] } },
{ "type": "Feature", "properties": { "town_name": "Monson", "fill_color": "transparent" }, "geometry": { "type": "MultiPolygon", "coordinates": [ [ [ [ -72.38903, 42.15234 ], [ -72.36699, 42.03265 ], [ -72.27066, 42.03171 ], [ -72.27009, 42.09252 ], [ -72.27446, 42.14375 ], [ -72.2804, 42.14341 ], [ -72.28148, 42.14155 ], [ -72.2907, 42.14206 ], [ -72.29727, 42.14453 ], [ -72.30874, 42.14474 ], [ -72.31138, 42.14326 ], [ -72.31376, 42.14396 ], [ -72.31653, 42.14825 ], [ -72.31888, 42.14635 ], [ -72.32614, 42.15144 ], [ -72.3303, 42.152 ], [ -72.33498, 42.15863 ], [ -72.34151, 42.1591 ], [ -72.34333, 42.16114 ], [ -72.34509, 42.16014 ], [ -72.34651, 42.16162 ], [ -72.35451, 42.16095 ], [ -72.36495, 42.15553 ], [ -72.38255, 42.15236 ], [ -72.38903, 42.15234 ] ] ] ] } },
{ "type": "Feature", "properties": { "town_name": "Burlington", "fill_color": "#AB47BC" }, "geometry": { "type": "MultiPolygon", "coordinates": [ [ [ [ -71.24091, 42.49001 ], [ -71.21224, 42.46635 ], [ -71.21022, 42.47073 ], [ -71.20432, 42.46585 ], [ -71.1874, 42.47936 ], [ -71.18548, 42.47997 ], [ -71.18644, 42.48101 ], [ -71.16892, 42.48709 ], [ -71.17019, 42.48898 ], [ -71.16849, 42.49748 ], [ -71.17003, 42.51554 ], [ -71.20499, 42.54449 ], [ -71.21796, 42.52405 ], [ -71.22192, 42.52514 ], [ -71.24091, 42.49001 ] ] ] ] } },
{ "type": "Feature", "properties": { "town_name": "Monterey", "fill_color": "transparent" }, "geometry": { "type": "MultiPolygon", "coordinates": [ [ [ [ -73.29005, 42.20093 ], [ -73.28914, 42.17228 ], [ -73.27511, 42.16811 ], [ -73.27171, 42.16581 ], [ -73.24708, 42.16858 ], [ -73.22447, 42.14819 ], [ -73.1863, 42.15357 ], [ -73.18672, 42.15582 ], [ -73.16617, 42.15734 ], [ -73.16679, 42.16286 ], [ -73.16197, 42.17867 ], [ -73.16209, 42.19699 ], [ -73.2568, 42.24167 ], [ -73.29005, 42.20093 ] ] ] ] } },
{ "type": "Feature", "properties": { "town_name": "Monroe", "fill_color": "transparent" }, "geometry": { "type": "MultiPolygon", "coordinates": [ [ [ [ -73.02371, 42.70269 ], [ -72.99788, 42.70126 ], [ -72.94964, 42.70511 ], [ -72.95306, 42.71807 ], [ -72.95025, 42.72048 ], [ -72.94516, 42.72122 ], [ -72.93988, 42.72087 ], [ -72.93737, 42.7251 ], [ -72.93374, 42.72739 ], [ -72.92774, 42.73252 ], [ -72.92719, 42.7391 ], [ -73.0229, 42.74113 ], [ -73.02371, 42.70269 ] ] ] ] } },
{ "type": "Feature", "properties": { "town_name": "Franklin Town", "fill_color": "#009688" }, "geometry": { "type": "MultiPolygon", "coordinates": [ [ [ [ -71.4559, 42.03489 ], [ -71.38827, 42.041 ], [ -71.3653, 42.07622 ], [ -71.35927, 42.08952 ], [ -71.36772, 42.10726 ], [ -71.38202, 42.13084 ], [ -71.38019, 42.13293 ], [ -71.38282, 42.13316 ], [ -71.3821, 42.13555 ], [ -71.3971, 42.13732 ], [ -71.40234, 42.13954 ], [ -71.40895, 42.13414 ], [ -71.41391, 42.13385 ], [ -71.41586, 42.13581 ], [ -71.41519, 42.13825 ], [ -71.41848, 42.1365 ], [ -71.41894, 42.13879 ], [ -71.4311, 42.13819 ], [ -71.43457, 42.13433 ], [ -71.44143, 42.13483 ], [ -71.44659, 42.10214 ], [ -71.4537, 42.07262 ], [ -71.45527, 42.07275 ], [ -71.4559, 42.03489 ] ] ] ] } },
{ "type": "Feature", "properties": { "town_name": "Dartmouth", "fill_color": "transparent" }, "geometry": { "type": "MultiPolygon", "coordinates": [ [ [ [ -71.07512, 41.67807 ], [ -71.06136, 41.66367 ], [ -71.05173, 41.64845 ], [ -71.04615, 41.63722 ], [ -71.03664, 41.62409 ], [ -71.03832, 41.60822 ], [ -71.03681, 41.59817 ], [ -71.04486, 41.58978 ], [ -71.0449, 41.58731 ], [ -71.03217, 41.56905 ], [ -71.02904, 41.55736 ], [ -71.03095, 41.5524 ], [ -71.02974, 41.53916 ], [ -71.0266, 41.53042 ], [ -71.03271, 41.52777 ], [ -71.02852, 41.51371 ], [ -71.02225, 41.50447 ], [ -71.01935, 41.50886 ], [ -71.00328, 41.51191 ], [ -70.98396, 41.5089 ], [ -70.98171, 41.51007 ], [ -70.98465, 41.52044 ], [ -70.98013, 41.52756 ], [ -70.96658, 41.53166 ], [ -70.96135, 41.5297 ], [ -70.9566, 41.51546 ], [ -70.9533, 41.51501 ], [ -70.95488, 41.52757 ], [ -70.94793, 41.5298 ], [ -70.9463, 41.53756 ], [ -70.94178, 41.54012 ], [ -70.92852, 41.53978 ], [ -70.93483, 41.55084 ], [ -70.93783, 41.56524 ], [ -70.94701, 41.57272 ], [ -70.95024, 41.5846 ], [ -70.94562, 41.58659 ], [ -70.94389, 41.58601 ], [ -70.94247, 41.58154 ], [ -70.93931, 41.58023 ], [ -70.93762, 41.57748 ], [ -70.9313, 41.5843 ], [ -70.92739, 41.59406 ], [ -70.93, 41.60044 ], [ -70.93059, 41.60792 ], [ -70.93235, 41.60821 ], [ -70.93297, 41.61091 ], [ -70.93461, 41.60994 ], [ -70.93642, 41.61437 ], [ -70.94973, 41.62093 ], [ -70.96045, 41.64023 ], [ -70.9697, 41.64865 ], [ -70.9775, 41.67871 ], [ -70.9654, 41.734 ], [ -71.06663, 41.68562 ], [ -71.07667, 41.68747 ], [ -71.07512, 41.67807 ] ] ] ] } },
{ "type": "Feature", "properties": { "town_name": "Montgomery", "fill_color": "transparent" }, "geometry": { "type": "MultiPolygon", "coordinates": [ [ [ [ -72.86847, 42.22366 ], [ -72.86011, 42.22217 ], [ -72.85757, 42.22025 ], [ -72.85965, 42.21733 ], [ -72.85455, 42.20576 ], [ -72.8566, 42.20358 ], [ -72.84692, 42.20138 ], [ -72.81091, 42.16382 ], [ -72.81287, 42.15585 ], [ -72.80751, 42.15734 ], [ -72.79789, 42.16586 ], [ -72.78576, 42.20047 ], [ -72.78104, 42.19975 ], [ -72.78211, 42.21727 ], [ -72.79199, 42.2173 ], [ -72.79341, 42.23685 ], [ -72.81258, 42.23495 ], [ -72.81342, 42.245 ], [ -72.85667, 42.24058 ], [ -72.86428, 42.23227 ], [ -72.86847, 42.22366 ] ] ] ] } },
{ "type": "Feature", "properties": { "town_name": "Sudbury", "fill_color": "#009688" }, "geometry": { "type": "MultiPolygon", "coordinates": [ [ [ [ -71.39003, 42.36523 ], [ -71.38605, 42.36128 ], [ -71.3834, 42.36278 ], [ -71.38407, 42.36576 ], [ -71.39003, 42.36523 ] ] ], [ [ [ -71.4833, 42.35313 ], [ -71.39672, 42.34105 ], [ -71.39798, 42.34322 ], [ -71.39137, 42.34521 ], [ -71.38772, 42.34483 ], [ -71.39167, 42.36098 ], [ -71.39003, 42.36523 ], [ -71.39012, 42.36786 ], [ -71.38742, 42.36995 ], [ -71.38878, 42.37148 ], [ -71.3867, 42.37305 ], [ -71.38781, 42.37528 ], [ -71.38348, 42.37661 ], [ -71.38404, 42.37998 ], [ -71.37547, 42.38868 ], [ -71.37282, 42.38721 ], [ -71.37215, 42.38937 ], [ -71.37009, 42.38854 ], [ -71.36901, 42.38986 ], [ -71.36453, 42.39034 ], [ -71.36403, 42.39238 ], [ -71.36194, 42.39208 ], [ -71.36178, 42.39601 ], [ -71.37, 42.39852 ], [ -71.36723, 42.4002 ], [ -71.37008, 42.40106 ], [ -71.36809, 42.40392 ], [ -71.37474, 42.40715 ], [ -71.36734, 42.41088 ], [ -71.36634, 42.41272 ], [ -71.43039, 42.43694 ], [ -71.44268, 42.40695 ], [ -71.46944, 42.40259 ], [ -71.4833, 42.35313 ] ] ] ] } },
{ "type": "Feature", "properties": { "town_name": "Petersham", "fill_color": "transparent" }, "geometry": { "type": "MultiPolygon", "coordinates": [ [ [ [ -72.31582, 42.39454 ], [ -72.31339, 42.39276 ], [ -72.31451, 42.39165 ], [ -72.31266, 42.39093 ], [ -72.31257, 42.38867 ], [ -72.31004, 42.38739 ], [ -72.31435, 42.38166 ], [ -72.31209, 42.37376 ], [ -72.31143, 42.37221 ], [ -72.31457, 42.3714 ], [ -72.31566, 42.36948 ], [ -72.31311, 42.36856 ], [ -72.3105, 42.36429 ], [ -72.31296, 42.36211 ], [ -72.31155, 42.35885 ], [ -72.3138, 42.35779 ], [ -72.31261, 42.3508 ], [ -72.31425, 42.34369 ], [ -72.31218, 42.3428 ], [ -72.30879, 42.34489 ], [ -72.3068, 42.34428 ], [ -72.30614, 42.34613 ], [ -72.30375, 42.34576 ], [ -72.29874, 42.34932 ], [ -72.28644, 42.3527 ], [ -72.28717, 42.35552 ], [ -72.28414, 42.35658 ], [ -72.28596, 42.35782 ], [ -72.28438, 42.36147 ], [ -72.28504, 42.37308 ], [ -72.28158, 42.37205 ], [ -72.27955, 42.3746 ], [ -72.2815, 42.37866 ], [ -72.27402, 42.38454 ], [ -72.2726, 42.38966 ], [ -72.26847, 42.3903 ], [ -72.26412, 42.38662 ], [ -72.25816, 42.39351 ], [ -72.24432, 42.38828 ], [ -72.23798, 42.39069 ], [ -72.23851, 42.39527 ], [ -72.22963, 42.40025 ], [ -72.21903, 42.39549 ], [ -72.20515, 42.41768 ], [ -72.10094, 42.48368 ], [ -72.18564, 42.55036 ], [ -72.19638, 42.54892 ], [ -72.29129, 42.47952 ], [ -72.28326, 42.44119 ], [ -72.28728, 42.43725 ], [ -72.29073, 42.43734 ], [ -72.28867, 42.43558 ], [ -72.29209, 42.42997 ], [ -72.30128, 42.42362 ], [ -72.30228, 42.42032 ], [ -72.30668, 42.4192 ], [ -72.30648, 42.41647 ], [ -72.31027, 42.41067 ], [ -72.31036, 42.40793 ], [ -72.31357, 42.40664 ], [ -72.31257, 42.4035 ], [ -72.31509, 42.39886 ], [ -72.31363, 42.3964 ], [ -72.31582, 42.39454 ] ] ] ] } },
{ "type": "Feature", "properties": { "town_name": "West Newbury", "fill_color": "#AB47BC" }, "geometry": { "type": "MultiPolygon", "coordinates": [ [ [ [ -71.02038, 42.7843 ], [ -70.96719, 42.75828 ], [ -70.96342, 42.76538 ], [ -70.95829, 42.76565 ], [ -70.93361, 42.77874 ], [ -70.92591, 42.78128 ], [ -70.91739, 42.78747 ], [ -70.93081, 42.80269 ], [ -70.93157, 42.8064 ], [ -70.93013, 42.81063 ], [ -70.93076, 42.81426 ], [ -70.94029, 42.82255 ], [ -70.94575, 42.82068 ], [ -70.96146, 42.81989 ], [ -70.97242, 42.82394 ], [ -70.98611, 42.82373 ], [ -70.99823, 42.82043 ], [ -71.00135, 42.81579 ], [ -70.9986, 42.80753 ], [ -71.00552, 42.7998 ], [ -71.01871, 42.7916 ], [ -71.02038, 42.7843 ] ] ] ] } },
{ "type": "Feature", "properties": { "town_name": "Gardner", "fill_color": "transparent" }, "geometry": { "type": "MultiPolygon", "coordinates": [ [ [ [ -72.03598, 42.59386 ], [ -72.04181, 42.59198 ], [ -72.04221, 42.58936 ], [ -72.03883, 42.58622 ], [ -72.04195, 42.5845 ], [ -72.04066, 42.57879 ], [ -72.03684, 42.57758 ], [ -72.0344, 42.5799 ], [ -72.03171, 42.57821 ], [ -72.03293, 42.57632 ], [ -72.03111, 42.57595 ], [ -72.03136, 42.57444 ], [ -72.02324, 42.57385 ], [ -72.01832, 42.57664 ], [ -72.01601, 42.57377 ], [ -72.01949, 42.57101 ], [ -72.015, 42.56794 ], [ -72.02701, 42.56324 ], [ -71.97969, 42.53231 ], [ -71.97558, 42.53586 ], [ -71.97252, 42.53617 ], [ -71.95941, 42.54638 ], [ -71.96392, 42.54943 ], [ -71.95091, 42.56143 ], [ -71.9235, 42.59541 ], [ -71.92802, 42.60201 ], [ -71.94581, 42.59491 ], [ -71.95057, 42.60171 ], [ -71.94881, 42.60252 ], [ -71.95173, 42.60756 ], [ -71.95031, 42.60808 ], [ -71.95212, 42.6107 ], [ -71.95645, 42.61027 ], [ -71.9759, 42.62751 ], [ -71.98611, 42.62776 ], [ -71.98607, 42.63002 ], [ -72.03505, 42.60886 ], [ -72.04607, 42.60183 ], [ -72.03598, 42.59386 ] ] ] ] } },
{ "type": "Feature", "properties": { "town_name": "Northbridge", "fill_color": "transparent" }, "geometry": { "type": "MultiPolygon", "coordinates": [ [ [ [ -71.70769, 42.10007 ], [ -71.68505, 42.10692 ], [ -71.67997, 42.1034 ], [ -71.65087, 42.0955 ], [ -71.60353, 42.11211 ], [ -71.59599, 42.1126 ], [ -71.59263, 42.11424 ], [ -71.59275, 42.12165 ], [ -71.59898, 42.12268 ], [ -71.60227, 42.12563 ], [ -71.60578, 42.12486 ], [ -71.62813, 42.14991 ], [ -71.64217, 42.16566 ], [ -71.67901, 42.16579 ], [ -71.69142, 42.16311 ], [ -71.69369, 42.16121 ], [ -71.6914, 42.1492 ], [ -71.69371, 42.13616 ], [ -71.70464, 42.12525 ], [ -71.69201, 42.12029 ], [ -71.70769, 42.10007 ] ] ] ] } },
{ "type": "Feature", "properties": { "town_name": "Attleboro", "fill_color": "transparent" }, "geometry": { "type": "MultiPolygon", "coordinates": [ [ [ [ -71.3817, 41.8932 ], [ -71.32555, 41.90036 ], [ -71.22249, 41.91224 ], [ -71.20816, 41.90885 ], [ -71.26874, 41.9873 ], [ -71.34036, 41.93828 ], [ -71.3817, 41.91466 ], [ -71.3817, 41.8932 ] ] ] ] } },
{ "type": "Feature", "properties": { "town_name": "Boston", "fill_color": "transparent" }, "geometry": { "type": "MultiPolygon", "coordinates": [ [ [ [ -70.93076, 42.31903 ], [ -70.92531, 42.31722 ], [ -70.92597, 42.32191 ], [ -70.93091, 42.3216 ], [ -70.93076, 42.31903 ] ] ], [ [ [ -70.93246, 42.33223 ], [ -70.93102, 42.32967 ], [ -70.93211, 42.32891 ], [ -70.92705, 42.32635 ], [ -70.92588, 42.32494 ], [ -70.92307, 42.32699 ], [ -70.92972, 42.33397 ], [ -70.93246, 42.33223 ] ] ], [ [ [ -70.94295, 42.32569 ], [ -70.93985, 42.32424 ], [ -70.93654, 42.32487 ], [ -70.93495, 42.32681 ], [ -70.94075, 42.32814 ], [ -70.94295, 42.32569 ] ] ], [ [ [ -70.95784, 42.30983 ], [ -70.95429, 42.30865 ], [ -70.9524, 42.31098 ], [ -70.94852, 42.31194 ], [ -70.95149, 42.31356 ], [ -70.95809, 42.31165 ], [ -70.95784, 42.30983 ] ] ], [ [ [ -70.97002, 42.35528 ], [ -70.96005, 42.34651 ], [ -70.95302, 42.34397 ], [ -70.95329, 42.3497 ], [ -70.9586, 42.35551 ], [ -70.96236, 42.35498 ], [ -70.96687, 42.35706 ], [ -70.97002, 42.35528 ] ] ], [ [ [ -70.97722, 42.31025 ], [ -70.97117, 42.31117 ], [ -70.96573, 42.31347 ], [ -70.95913, 42.32457 ], [ -70.95369, 42.32792 ], [ -70.9528, 42.33063 ], [ -70.95727, 42.33166 ], [ -70.96755, 42.32289 ], [ -70.97039, 42.31624 ], [ -70.9769, 42.31257 ], [ -70.97722, 42.31025 ] ] ], [ [ [ -70.99162, 42.32629 ], [ -70.9889, 42.32371 ], [ -70.98877, 42.31921 ], [ -70.98567, 42.31873 ], [ -70.98308, 42.32716 ], [ -70.98424, 42.3284 ], [ -70.98916, 42.3283 ], [ -70.99162, 42.32629 ] ] ], [ [ [ -71.01718, 42.31175 ], [ -71.01149, 42.3093 ], [ -71.00325, 42.31952 ], [ -71.00037, 42.31933 ], [ -71.0003, 42.32128 ], [ -71.00636, 42.32091 ], [ -71.01664, 42.31373 ], [ -71.01718, 42.31175 ] ] ], [ [ [ -71.1909, 42.28325 ], [ -71.18821, 42.28044 ], [ -71.18599, 42.27977 ], [ -71.18316, 42.27591 ], [ -71.17746, 42.27687 ], [ -71.17457, 42.27558 ], [ -71.17295, 42.2703 ], [ -71.17415, 42.26702 ], [ -71.15858, 42.25515 ], [ -71.15212, 42.25825 ], [ -71.14664, 42.25576 ], [ -71.14268, 42.236 ], [ -71.13077, 42.22793 ], [ -71.1226, 42.23451 ], [ -71.12567, 42.23953 ], [ -71.10935, 42.24799 ], [ -71.10954, 42.25541 ], [ -71.11326, 42.25893 ], [ -71.1084, 42.26112 ], [ -71.10406, 42.25986 ], [ -71.09748, 42.26309 ], [ -71.09391, 42.26714 ], [ -71.09026, 42.26664 ], [ -71.0894, 42.26969 ], [ -71.08085, 42.26932 ], [ -71.06814, 42.271 ], [ -71.0651, 42.27066 ], [ -71.06219, 42.26716 ], [ -71.05384, 42.2717 ], [ -71.05557, 42.27505 ], [ -71.05328, 42.2775 ], [ -71.0498, 42.2781 ], [ -71.04488, 42.27627 ], [ -71.04159, 42.2781 ], [ -71.03813, 42.28472 ], [ -71.03988, 42.29245 ], [ -71.04373, 42.29296 ], [ -71.04597, 42.29931 ], [ -71.04449, 42.3015 ], [ -71.04744, 42.30375 ], [ -71.04483, 42.30919 ], [ -71.04249, 42.30974 ], [ -71.04096, 42.31215 ], [ -71.0379, 42.31043 ], [ -71.03278, 42.31347 ], [ -71.0331, 42.31612 ], [ -71.04673, 42.32307 ], [ -71.04765, 42.32809 ], [ -71.04233, 42.33014 ], [ -71.0347, 42.32876 ], [ -71.02415, 42.33316 ], [ -71.01566, 42.33052 ], [ -71.01018, 42.33756 ], [ -71.01389, 42.34168 ], [ -71.04967, 42.3566 ], [ -71.05048, 42.36807 ], [ -71.05262, 42.3707 ], [ -71.0506, 42.37287 ], [ -71.04466, 42.37219 ], [ -71.04168, 42.36649 ], [ -71.038, 42.36375 ], [ -71.02692, 42.36377 ], [ -71.0277, 42.35862 ], [ -71.00781, 42.34714 ], [ -71.00558, 42.34736 ], [ -71.00374, 42.35604 ], [ -70.99958, 42.35641 ], [ -70.99434, 42.35391 ], [ -70.98955, 42.3545 ], [ -70.98589, 42.35906 ], [ -70.98803, 42.36188 ], [ -70.99772, 42.36056 ], [ -71.00162, 42.36468 ], [ -71.01036, 42.36503 ], [ -71.00612, 42.37605 ], [ -70.99799, 42.3782 ], [ -70.99463, 42.38271 ], [ -70.99424, 42.38465 ], [ -70.98605, 42.38812 ], [ -70.98797, 42.39282 ], [ -70.99505, 42.39357 ], [ -70.99648, 42.39631 ], [ -71.00141, 42.39674 ], [ -71.00586, 42.39389 ], [ -71.01193, 42.39575 ], [ -71.0134, 42.3974 ], [ -71.01609, 42.3959 ], [ -71.02051, 42.38764 ], [ -71.02771, 42.38404 ], [ -71.03836, 42.38653 ], [ -71.04326, 42.38359 ], [ -71.05552, 42.38712 ], [ -71.06569, 42.3866 ], [ -71.0709, 42.389 ], [ -71.06694, 42.39475 ], [ -71.0727, 42.3908 ], [ -71.0735, 42.3918 ], [ -71.0807, 42.38104 ], [ -71.07566, 42.3802 ], [ -71.07247, 42.37266 ], [ -71.06712, 42.37182 ], [ -71.06406, 42.369 ], [ -71.07064, 42.36795 ], [ -71.07795, 42.35873 ], [ -71.09789, 42.35312 ], [ -71.1132, 42.35311 ], [ -71.11716, 42.357 ], [ -71.11723, 42.36737 ], [ -71.1232, 42.36894 ], [ -71.1282, 42.37357 ], [ -71.131, 42.37389 ], [ -71.13318, 42.37234 ], [ -71.13237, 42.36889 ], [ -71.13989, 42.36444 ], [ -71.14367, 42.36508 ], [ -71.14833, 42.36112 ], [ -71.16389, 42.35852 ], [ -71.16763, 42.36007 ], [ -71.17394, 42.3534 ], [ -71.17426, 42.34958 ], [ -71.1667, 42.34001 ], [ -71.16894, 42.33845 ], [ -71.16756, 42.33344 ], [ -71.16092, 42.33364 ], [ -71.15704, 42.33039 ], [ -71.14478, 42.33966 ], [ -71.13782, 42.34388 ], [ -71.12352, 42.35149 ], [ -71.10657, 42.34991 ], [ -71.10552, 42.34381 ], [ -71.1106, 42.3404 ], [ -71.11141, 42.33452 ], [ -71.11654, 42.32394 ], [ -71.11954, 42.32274 ], [ -71.12153, 42.32388 ], [ -71.14014, 42.30215 ], [ -71.15211, 42.29459 ], [ -71.1647, 42.30383 ], [ -71.17864, 42.2946 ], [ -71.1909, 42.28325 ] ] ] ] } },
{ "type": "Feature", "properties": { "town_name": "Dalton", "fill_color": "transparent" }, "geometry": { "type": "MultiPolygon", "coordinates": [ [ [ [ -73.20187, 42.41375 ], [ -73.16919, 42.41276 ], [ -73.15733, 42.45351 ], [ -73.12439, 42.45263 ], [ -73.11371, 42.49242 ], [ -73.12026, 42.49349 ], [ -73.10787, 42.53646 ], [ -73.14664, 42.54107 ], [ -73.18233, 42.4849 ], [ -73.20187, 42.41375 ] ] ] ] } },
{ "type": "Feature", "properties": { "town_name": "Upton", "fill_color": "#AB47BC" }, "geometry": { "type": "MultiPolygon", "coordinates": [ [ [ [ -71.64271, 42.17412 ], [ -71.6463, 42.17287 ], [ -71.64217, 42.16566 ], [ -71.60578, 42.12486 ], [ -71.60227, 42.12563 ], [ -71.59763, 42.12285 ], [ -71.59275, 42.12165 ], [ -71.57, 42.13918 ], [ -71.57146, 42.14892 ], [ -71.5714, 42.15185 ], [ -71.56095, 42.15831 ], [ -71.56441, 42.16412 ], [ -71.56307, 42.16757 ], [ -71.55981, 42.16711 ], [ -71.56327, 42.17197 ], [ -71.56202, 42.17861 ], [ -71.55594, 42.17725 ], [ -71.55167, 42.17857 ], [ -71.55574, 42.1825 ], [ -71.55678, 42.19245 ], [ -71.57227, 42.19273 ], [ -71.57155, 42.19465 ], [ -71.58291, 42.19556 ], [ -71.60222, 42.2181 ], [ -71.59932, 42.22596 ], [ -71.62107, 42.23087 ], [ -71.64444, 42.22663 ], [ -71.63728, 42.18324 ], [ -71.64922, 42.1817 ], [ -71.64271, 42.17412 ] ] ] ] } },
{ "type": "Feature", "properties": { "town_name": "Plainfield", "fill_color": "transparent" }, "geometry": { "type": "MultiPolygon", "coordinates": [ [ [ [ -72.97928, 42.49786 ], [ -72.88226, 42.48069 ], [ -72.87114, 42.48404 ], [ -72.87515, 42.50725 ], [ -72.87032, 42.52515 ], [ -72.87546, 42.5259 ], [ -72.87685, 42.5412 ], [ -72.97541, 42.55604 ], [ -72.97904, 42.54162 ], [ -72.96858, 42.54001 ], [ -72.97928, 42.49786 ] ] ] ] } }
]
}
